GeoFips,GeoName,GDP2010
31005,"Arthur, NE",8662
31115,"Loup, NE",11164
30069,"Petroleum, MT",12735
31117,"McPherson, NE",12919
31009,"Blaine, NE",15803
28055,"Issaquena, MS",17722
31075,"Grant, NE",18307
30037,"Golden Valley, MT",18793
30011,"Carter, MT",21736
31103,"Keya Paha, NE",21883
31113,"Logan, NE",22838
30079,"Prairie, MT",24411
13265,"Taliaferro, GA",24544
21201,"Robertson, KY",25304
31171,"Thomas, NE",25788
31091,"Hooker, NE",26077
31007,"Banner, NE",26742
48345,"Motley, TX",27794
13125,"Glascock, GA",28035
8111,"San Juan, CO",31112
2282,"Yakutat City and Borough, AK*",31582
49031,"Piute, UT",32210
41069,"Wheeler, OR",32823
48155,"Foard, TX",34440
46095,"Mellette, SD",35477
13239,"Quitman, GA",36605
16033,"Clark, ID",39204
46075,"Jones, SD",39204
26083,"Keweenaw, MI",40908
48011,"Armstrong, TX",41671
30075,"Powder River, MT",42397
16025,"Camas, ID",42790
30109,"Wibaux, MT",42855
31165,"Sioux, NE",43695
30033,"Garfield, MT",44681
8053,"Hinsdale, CO",44941
13101,"Echols, GA",46371
46137,"Ziebach, SD",46626
32009,"Esmeralda, NV",46855
31049,"Deuel, NE",48907
48327,"Menard, TX",49425
8079,"Mineral, CO",49492
21189,"Owsley, KY",49649
29227,"Worth, MO",51109
35011,"De Baca, NM",51517
30059,"Meagher, MT",52188
46063,"Harding, SD",52295
46021,"Campbell, SD",52360
13307,"Webster, GA",53193
48045,"Briscoe, TX",54895
51091,"Highland, VA",55365
46071,"Jackson, SD",55527
49009,"Daggett, UT",56692
31085,"Hayes, NE",58522
2105,"Hoonah-Angoon Census Area, AK*",59275
31069,"Garden, NE",59633
48385,"Real, TX",59641
48243,"Jeff Davis, TX",59644
20049,"Elk, KS",59788
38087,"Slope, ND",60156
31077,"Greeley, NE",61370
30107,"Wheatland, MT",62373
8023,"Costilla, CO",63615
17151,"Pope, IL",63824
46007,"Bennett, SD",64588
49033,"Rich, UT",65211
30039,"Granite, MT",65524
38083,"Sheridan, ND",66899
31149,"Rock, NE",66916
46069,"Hyde, SD",67289
31183,"Wheeler, NE",67342
13061,"Clay, GA",67517
38033,"Golden Valley, ND",67626
48271,"Kinney, TX",67951
31071,"Garfield, NE",68019
38027,"Eddy, ND",68036
20019,"Chautauqua, KS",69274
8057,"Jackson, CO",69637
46089,"McPherson, SD",69858
29197,"Schuyler, MO",69867
20033,"Comanche, KS",69957
21063,"Elliott, KY",70071
2275,"Wrangell City and Borough, AK*",70084
48119,"Delta, TX",70102
47175,"Van Buren, TN",70251
35003,"Catron, NM",70843
30103,"Treasure, MT",71142
2164,"Lake and Peninsula Borough, AK",71281
54105,"Wirt, WV",71344
20207,"Woodson, KS",72068
2230,"Skagway Municipality, AK*",73201
31073,"Gosper, NE",73219
38037,"Grant, ND",73438
47067,"Hancock, TN",74066
30045,"Judith Basin, MT",74638
53069,"Wahkiakum, WA",74641
46055,"Haakon, SD",75419
8061,"Kiowa, CO",75463
38007,"Billings, ND",75475
28125,"Sharkey, MS",75568
51045,"Craig, VA",76843
49055,"Wayne, UT",77433
31163,"Sherman, NE",77600
21165,"Menifee, KY",77733
47137,"Pickett, TN",77907
31015,"Boyd, NE",78561
20089,"Jewell, KS",79655
13007,"Baker, GA",79726
46049,"Faulk, SD",80207
20017,"Chase, KS",80247
17069,"Hardin, IL",80539
30061,"Mineral, MT",80726
48101,"Cottle, TX",81999
6003,"Alpine, CA",82178
31133,"Pawnee, NE",82215
48087,"Collingsworth, TX",83128
46097,"Miner, SD",83526
38047,"Logan, ND",84547
37177,"Tyrrell, NC",84879
40055,"Greer, OK",85638
20071,"Greeley, KS",85983
21237,"Wolfe, KY",86124
46017,"Buffalo, SD",87135
31061,"Franklin, NE",87378
16003,"Adams, ID",87873
8025,"Crowley, CO",89077
17013,"Calhoun, IL",89128
38043,"Kidder, ND",89623
48319,"Mason, TX",89761
46031,"Corson, SD",89772
2100,"Haines Borough, AK",90434
5025,"Cleveland, AR",90717
21181,"Nicholas, KY",91636
38001,"Adams, ND",91969
6091,"Sierra, CA",92870
20083,"Hodgeman, KS",93156
53023,"Garfield, WA",93469
48129,"Donley, TX",93709
38095,"Towner, ND",93769
13259,"Stewart, GA",93946
20025,"Clark, KS",94539
46111,"Sanborn, SD",95722
5101,"Newton, AR",96482
56027,"Niobrara, WY",96663
46003,"Aurora, SD",97131
28015,"Carroll, MS",97931
20199,"Wallace, KS",98192
16071,"Oneida, ID",98292
38039,"Griggs, ND",98431
40057,"Harmon, OK",98613
48447,"Throckmorton, TX",99469
13309,"Wheeler, GA",99732
20097,"Kiowa, KS",100251
48229,"Hudspeth, TX",100917
29171,"Putnam, MO",101398
29203,"Shannon, MO",102246
48095,"Concho, TX",102466
27125,"Red Lake, MN",102585
30055,"McCone, MT",102877
30051,"Liberty, MT",105013
38051,"McIntosh, ND",105142
20197,"Wabaunsee, KS",105254
8027,"Custer, CO",105461
48191,"Hall, TX",105819
46117,"Stanley, SD",105846
29103,"Knox, MO",106181
31087,"Hitchcock, NE",106203
38041,"Hettinger, ND",106365
48023,"Baylor, TX",106446
46105,"Perkins, SD",106885
31063,"Frontier, NE",107227
46025,"Clark, SD",107440
20023,"Cheyenne, KS",107623
48267,"Kimble, TX",107724
29085,"Hickory, MO",109361
13173,"Lanier, GA",109871
8115,"Sedgwick, CO",110002
47095,"Lake, TN",110441
35019,"Guadalupe, NM",110969
13283,"Treutlen, GA",111536
46059,"Hand, SD",111596
48333,"Mills, TX",111599
55037,"Florence, WI",112417
38063,"Nelson, ND",113074
47083,"Houston, TN",113732
13165,"Jenkins, GA",113777
2060,"Bristol Bay Borough, AK",114992
29035,"Carter, MO",115004
29129,"Mercer, MO",115653
38085,"Sioux, ND",116128
13183,"Long, GA",116206
46061,"Hanson, SD",116530
13263,"Talbot, GA",116606
28119,"Quitman, MS",116608
48137,"Edwards, TX",116687
20105,"Lincoln, KS",116701
13315,"Wilcox, GA",117826
21057,"Cumberland, KY",118312
31057,"Dundy, NE",118997
13197,"Marion, GA",119368
21023,"Bracken, KY",120268
30007,"Broadwater, MT",120403
19159,"Ringgold, IA",120727
2158,"Kusilvak Census Area, AK*",120980
13301,"Warren, GA",121199
20153,"Rawlins, KS",121719
38075,"Renville, ND",121726
20143,"Ottawa, KS",122170
21039,"Carlisle, KY",123123
46119,"Sully, SD",123277
16007,"Bear Lake, ID",123702
8021,"Conejos, CO",123772
13141,"Hancock, GA",124330
20065,"Graham, KS",124338
48411,"San Saba, TX",124372
20179,"Sheridan, KS",124483
47169,"Trousdale, TN",125067
31017,"Brown, NE",125259
13181,"Lincoln, GA",126018
48275,"Knox, TX",126242
29199,"Scotland, MO",126522
27087,"Mahnomen, MN",126964
5073,"Lafayette, AR",127604
20165,"Rush, KS",127752
13249,"Schley, GA",127894
20039,"Decatur, KS",128549
31125,"Nance, NE",128905
13037,"Calhoun, GA",130055
51097,"King and Queen, VA",130232
46073,"Jerauld, SD",130254
2013,"Aleutians East Borough, AK",130259
27077,"Lake of the Woods, MN",130343
16015,"Boise, ID",130507
48109,"Culberson, TX",130568
29045,"Clark, MO",130927
8109,"Saguache, CO",131398
38029,"Emmons, ND",131504
30019,"Daniels, MT",131810
22107,"Tensas, LA",132111
29153,"Ozark, MO",132302
46053,"Gregory, SD",133219
21011,"Bath, KY",133352
31105,"Kimball, NE",133639
38023,"Divide, ND",134129
5105,"Perry, AR",134445
28063,"Jefferson, MS",135116
29125,"Maries, MO",135294
20101,"Lane, KS",135858
38013,"Burke, ND",135915
46085,"Lyman, SD",136171
13167,"Johnson, GA",136187
38091,"Steele, ND",136207
54013,"Calhoun, WV",136587
20109,"Logan, KS",136765
32017,"Lincoln, NV",136941
35021,"Harding, NM",137930
47127,"Moore, TN",137964
29087,"Holt, MO",138068
51049,"Cumberland, VA",138359
31083,"Harlan, NE",138516
40033,"Cotton, OK",138529
18161,"Union, IN",138776
5129,"Searcy, AR",138812
31181,"Webster, NE",139342
21129,"Lee, KY",139364
54017,"Doddridge, WV",139841
27155,"Traverse, MN",140035
30071,"Phillips, MT",140584
26095,"Luce, MI",141354
46045,"Edmunds, SD",141388
13209,"Montgomery, GA",143026
41021,"Gilliam, OR",143337
17171,"Scott, IL",144235
48433,"Stonewall, TX",144346
16061,"Lewis, ID",144500
55078,"Menominee, WI",144552
17071,"Henderson, IL",144657
31161,"Sheridan, NE",144761
20047,"Edwards, KS",144777
50009,"Essex, VT",145267
5097,"Montgomery, AR",145602
13201,"Miller, GA",145605
31093,"Howard, NE",145642
8011,"Bent, CO",146082
20127,"Morris, KS",146124
20073,"Greenwood, KS",146385
13269,"Taylor, GA",146605
29057,"Dade, MO",146723
13079,"Crawford, GA",147007
20183,"Smith, KS",147245
30097,"Sweet Grass, MT",147281
21055,"Crittenden, KY",147648
21061,"Edmonson, KY",147742
46043,"Douglas, SD",147797
47135,"Perry, TN",149256
51036,"Charles City, VA",149504
46057,"Hamlin, SD",150298
22091,"St. Helena, LA",151158
29185,"St. Clair, MO",152687
20141,"Osborne, KS",153451
20195,"Trego, KS",154158
20185,"Stafford, KS",154430
37073,"Gates, NC",154508
48377,"Presidio, TX",154558
26131,"Ontonagon, MI",154759
8091,"Ouray, CO",155218
12067,"Lafayette, FL",155792
1037,"Coosa, AL",157054
48379,"Rains, TX",158822
29025,"Caldwell, MO",159250
13003,"Atkinson, GA",159649
28041,"Greene, MS",159907
45065,"McCormick, SC",160385
47027,"Clay, TN",160674
19053,"Decatur, IA",160750
37095,"Hyde, NC",160841
8033,"Dolores, CO",160897
20129,"Morton, KS",161648
21087,"Green, KY",161665
35033,"Mora, NM",161991
22035,"East Carroll, LA",162619
40067,"Jefferson, OK",162672
21135,"Lewis, KY",163006
28009,"Benton, MS",163250
53019,"Ferry, WA",163661
21105,"Hickman, KY",163805
13289,"Twiggs, GA",164178
13065,"Clinch, GA",164512
48075,"Childress, TX",164654
20135,"Ness, KS",165060
38049,"McHenry, ND",165158
28037,"Franklin, MS",165389
55051,"Iron, WI",165571
12077,"Liberty, FL",166118
47121,"Meigs, TN",166129
29017,"Bollinger, MO",166534
19185,"Wayne, IA",166754
5049,"Fulton, AR",166904
17175,"Stark, IL",167072
46041,"Dewey, SD",167726
13243,"Randolph, GA",167854
30015,"Chouteau, MT",167905
48269,"King, TX",168075
28155,"Webster, MS",168275
28005,"Amite, MS",168411
28157,"Wilkinson, MS",168495
27069,"Kittson, MN",168585
18025,"Crawford, IN",168682
31031,"Cherry, NE",169066
13049,"Charlton, GA",169168
42113,"Sullivan, PA",169351
48125,"Dickens, TX",169476
27011,"Big Stone, MN",169921
47087,"Jackson, TN",169924
29149,"Oregon, MO",170251
8009,"Baca, CO",170830
35023,"Hidalgo, NM",171003
21143,"Lyon, KY",171610
20187,"Stanton, KS",171692
20157,"Republic, KS",171701
40025,"Cimarron, OK",171757
5099,"Nevada, AR",172251
31129,"Nuckolls, NE",172361
42023,"Cameron, PA",172644
13155,"Irwin, GA",172803
48081,"Coke, TX",173099
5147,"Woodruff, AR",173981
26135,"Oscoda, MI",174138
20201,"Washington, KS",174233
2195,"Petersburg Borough, AK*",175016
21169,"Metcalfe, KY",175046
30077,"Powell, MT",175239
47007,"Bledsoe, TN",176652
50013,"Grand Isle, VT",176892
38069,"Pierce, ND",177208
37043,"Clay, NC",177223
21109,"Jackson, KY",177923
46033,"Custer, SD",177985
17065,"Hamilton, IL",178213
22021,"Caldwell, LA",178379
21215,"Spencer, KY",178803
13287,"Turner, GA",178807
38031,"Foster, ND",179055
13025,"Brantley, GA",179563
8073,"Lincoln, CO",179610
48359,"Oldham, TX",179611
19051,"Davis, IA",179920
47015,"Cannon, TN",180467
31029,"Chase, NE",181603
29061,"Daviess, MO",182086
26001,"Alcona, MI",182163
29205,"Shelby, MO",182582
28097,"Montgomery, MS",182945
30073,"Pondera, MT",183548
48197,"Hardeman, TX",183828
46129,"Walworth, SD",183898
22123,"West Carroll, LA",184406
38103,"Wells, ND",184909
19003,"Adams, IA",185097
5077,"Lee, AR",185102
51021,"Bland, VA",186402
16063,"Lincoln, ID",186412
2198,"Prince of Wales-Hyder Census Area, AK*",186447
37103,"Jones, NC",186600
8095,"Phillips, CO",187193
17153,"Pulaski, IL",187426
48207,"Haskell, TX",187625
20003,"Anderson, KS",188534
21079,"Garrard, KY",188535
40105,"Nowata, OK",188682
54021,"Gilmer, WV",189160
46121,"Todd, SD",189964
20063,"Gove, KS",190045
48413,"Schleicher, TX",190845
46107,"Potter, SD",190985
21123,"Larue, KY",191189
20163,"Rooks, KS",191252
28065,"Jefferson Davis, MS",192390
5117,"Prairie, AR",192538
54071,"Pendleton, WV",193041
5039,"Dallas, AR",193126
17003,"Alexander, IL",193743
30005,"Blaine, MT",193801
29089,"Howard, MO",195211
19173,"Taylor, IA",195310
47153,"Sequatchie, TN",195364
17059,"Gallatin, IL",195711
41037,"Lake, OR",195942
28053,"Humphreys, MS",196095
21197,"Powell, KY",196116
55091,"Pepin, WI",197357
2068,"Denali Borough, AK",197360
29181,"Ripley, MO",197381
5095,"Monroe, AR",197539
26085,"Lake, MI",197840
16059,"Lemhi, ID",198194
20075,"Hamilton, KS",198573
21187,"Owen, KY",198989
47101,"Lewis, TN",199119
54089,"Summers, WV",199179
30009,"Carbon, MT",199604
5137,"Stone, AR",199752
46123,"Tripp, SD",199841
48077,"Clay, TX",199904
26003,"Alger, MI",200706
38005,"Benson, ND",200794
46009,"Bon Homme, SD",201444
47061,"Grundy, TN",201473
17087,"Johnson, IL",201599
46077,"Kingsbury, SD",202207
49029,"Morgan, UT",202208
19177,"Van Buren, IA",202421
8065,"Lake, CO",202450
29223,"Wayne, MO",203394
5079,"Lincoln, AR",203474
20053,"Ellsworth, KS",203595
21065,"Estill, KY",203671
41025,"Harney, OR",203955
18171,"Warren, IN",204237
20203,"Wichita, KS",204278
13159,"Jasper, GA",204921
46037,"Day, SD",205215
32021,"Mineral, NV",205308
20147,"Phillips, KS",206166
49017,"Garfield, UT",206536
17047,"Edwards, IL",206896
30099,"Teton, MT",206981
46015,"Brule, SD",207062
46039,"Deuel, SD",207137
27051,"Grant, MN",207168
20077,"Harper, KS",207362
36041,"Hamilton, NY",207834
37029,"Camden, NC",207839
46047,"Fall River, SD",208340
41023,"Grant, OR",208615
46091,"Marshall, SD",209096
38065,"Oliver, ND",209128
5127,"Scott, AR",209405
46087,"McCook, SD",210008
37075,"Graham, NC",210111
27107,"Norman, MN",210414
26119,"Montmorency, MI",211753
18155,"Switzerland, IN",211955
28135,"Tallahatchie, MS",211999
51157,"Rappahannock, VA",212218
48193,"Hamilton, TX",212771
48455,"Trinity, TX",212852
13191,"McIntosh, GA",213036
17169,"Schuyler, IL",213279
1105,"Perry, AL",213699
51077,"Grayson, VA",213811
48151,"Fisher, TX",213891
48247,"Jim Hogg, TX",213978
20119,"Meade, KS",213980
20095,"Kingman, KS",214080
31135,"Perkins, NE",214663
51017,"Bath, VA",214906
13235,"Pulaski, GA",215226
8121,"Washington, CO",215313
31123,"Morrill, NE",215429
13231,"Pike, GA",215708
16081,"Teton, ID",216771
48387,"Red River, TX",216932
51115,"Mathews, VA",217162
31143,"Polk, NE",217491
37143,"Perquimans, NC",217540
51037,"Charlotte, VA",217718
29179,"Reynolds, MO",217733
38073,"Ransom, ND",218257
21175,"Morgan, KY",218377
27029,"Clearwater, MN",218531
54063,"Monroe, WV",218735
29111,"Lewis, MO",218932
12029,"Dixie, FL",219039
21075,"Fulton, KY",220004
12065,"Jefferson, FL",220211
22025,"Catahoula, LA",220576
48305,"Lynn, TX",220594
12043,"Glades, FL",220684
13273,"Terrell, GA",220696
20093,"Kearny, KS",220839
13271,"Telfair, GA",221670
48083,"Coleman, TX",221697
1011,"Bullock, AL",222175
49025,"Kane, UT",222253
51111,"Lunenburg, VA",222901
30023,"Deer Lodge, MT",223087
29075,"Gentry, MO",223917
29041,"Chariton, MO",224496
31051,"Dixon, NE",224582
21171,"Monroe, KY",224827
29137,"Monroe, MO",224877
20007,"Barber, KS",225518
20043,"Doniphan, KS",225716
46101,"Moody, SD",225841
29059,"Dallas, MO",226732
13253,"Seminole, GA",227124
40127,"Pushmataha, OK",227141
13043,"Candler, GA",228032
48507,"Zavala, TX",228238
48031,"Blanco, TX",228737
28103,"Noxubee, MS",228870
28161,"Yalobusha, MS",228897
30101,"Toole, MT",229097
5065,"Izard, AR",229329
21077,"Gallatin, KY",229810
54075,"Pocahontas, WV",230270
2070,"Dillingham Census Area, AK",230430
13221,"Oglethorpe, GA",230534
30043,"Jefferson, MT",230942
51159,"Richmond, VA",231276
31167,"Stanton, NE",231726
5109,"Pike, AR",232332
20137,"Norton, KS",232715
48403,"Sabine, TX",232948
40107,"Okfuskee, OK",233264
19117,"Lucas, IA",233300
28147,"Walthall, MS",233312
40075,"Kiowa, OK",233492
21149,"McLean, KY",233686
18013,"Brown, IN",233865
31147,"Richardson, NE",234167
56017,"Hot Springs, WY",234600
27081,"Lincoln, MN",234700
29033,"Carroll, MO",235219
20139,"Osage, KS",235656
19009,"Audubon, IA",237259
53059,"Skamania, WA",237268
39163,"Vinton, OH",237652
19107,"Keokuk, IA",237871
8017,"Cheyenne, CO",238130
48059,"Callahan, TX",238713
16045,"Gem, ID",239158
38045,"LaMoure, ND",239472
31021,"Burt, NE",239614
46019,"Butte, SD",240115
35059,"Union, NM",240466
54015,"Clay, WV",242012
8055,"Huerfano, CO",242109
32027,"Pershing, NV",242209
21153,"Magoffin, KY",242228
29123,"Madison, MO",242255
12013,"Calhoun, FL",242419
40053,"Grant, OK",242610
54091,"Taylor, WV",243071
21147,"McCreary, KY",243229
12041,"Gilchrist, FL",243253
21069,"Fleming, KY",244382
37137,"Pamlico, NC",244730
17035,"Cumberland, IL",244919
16041,"Franklin, ID",245069
30091,"Sheridan, MT",245128
39115,"Morgan, OH",245513
31097,"Johnson, NE",246030
29039,"Cedar, MO",246503
51011,"Appomattox, VA",247170
31139,"Pierce, NE",247791
48307,"McCulloch, TX",247977
26013,"Baraga, MI",248065
48417,"Shackelford, TX",248562
21203,"Rockcastle, KY",249086
28013,"Calhoun, MS",249319
29005,"Atchison, MO",249669
19001,"Adair, IA",250175
31045,"Dawes, NE",250451
21031,"Butler, KY",250838
29003,"Andrew, MO",250862
1029,"Cleburne, AL",250978
51007,"Amelia, VA",252223
13023,"Bleckley, GA",252694
17129,"Menard, IL",254152
30105,"Valley, MT",254615
31169,"Thayer, NE",254632
54095,"Tyler, WV",255042
29081,"Harrison, MO",255363
18115,"Ohio, IN",257724
21045,"Casey, KY",258408
38011,"Bowman, ND",258508
35037,"Quay, NM",258773
54087,"Roane, WV",259012
38019,"Cavalier, ND",259097
13005,"Bacon, GA",259367
21191,"Pendleton, KY",259419
26153,"Schoolcraft, MI",259724
56011,"Crook, WY",259840
21139,"Livingston, KY",260902
21025,"Breathitt, KY",261478
20145,"Pawnee, KS",261608
47129,"Morgan, TN",262380
46102,"Oglala Lakota, SD*",262453
29067,"Douglas, MO",262925
31023,"Butler, NE",263063
48315,"Marion, TX",264063
5017,"Chicot, AR",264542
27089,"Marshall, MN",264923
56045,"Weston, WY",265268
37005,"Alleghany, NC",266224
5011,"Bradley, AR",266348
27167,"Wilkin, MN",266797
21131,"Leslie, KY",266862
35051,"Sierra, NM",266910
13093,"Dooly, GA",267012
1063,"Greene, AL",268492
29063,"DeKalb, MO",268562
13317,"Wilkes, GA",268583
38021,"Dickey, ND",268605
30025,"Fallon, MT",270434
31059,"Fillmore, NE",270488
22065,"Madison, LA",271198
46115,"Spink, SD",271293
20181,"Sherman, KS",271805
5087,"Madison, AR",272277
19133,"Monona, IA",272582
1075,"Lamar, AL",272870
13027,"Brooks, GA",272969
35057,"Torrance, NM",273371
40141,"Tillman, OK",273414
20027,"Clay, KS",273588
31035,"Clay, NE",274089
5135,"Sharp, AR",275199
31065,"Furnas, NE",276506
31175,"Valley, NE",276650
54065,"Morgan, WV",277133
39121,"Noble, OH",277216
29173,"Ralls, MO",277378
18121,"Parke, IN",277490
28111,"Perry, MS",278754
48159,"Franklin, TX",278840
18009,"Blackford, IN",279087
17155,"Putnam, IL",279507
42053,"Forest, PA",280319
1065,"Hale, AL",280366
53013,"Columbia, WA",280622
40003,"Alfalfa, OK",280669
47181,"Wayne, TN",281052
30089,"Sanders, MT",281084
47023,"Chester, TN",281495
26071,"Iron, MI",282058
1027,"Clay, AL",282307
30057,"Madison, MT",282583
29139,"Montgomery, MO",282840
41063,"Wallowa, OR",283034
13251,"Screven, GA",283191
28023,"Clarke, MS",284083
20085,"Jackson, KS",284084
31101,"Keith, NE",284200
54093,"Tucker, WV",284221
48107,"Crosby, TX",285463
20167,"Russell, KS",285801
16021,"Boundary, ID",286173
51029,"Buckingham, VA",286888
13281,"Towns, GA",286960
16073,"Owyhee, ID",287076
47057,"Grainger, TN",287762
13321,"Worth, GA",287772
37187,"Washington, NC",288071
20115,"Marion, KS",289982
49001,"Beaver, UT",290519
12047,"Hamilton, FL",290592
55041,"Forest, WI",291438
5053,"Grant, AR",291810
47005,"Benton, TN",292165
16043,"Fremont (includes Yellowstone Park), ID",294439
38025,"Dunn, ND",295141
29065,"Dent, MO",295257
31121,"Merrick, NE",295320
47173,"Union, TN",296370
26141,"Presque Isle, MI",296562
19195,"Worth, IA",296687
28051,"Holmes, MS",296842
51183,"Sussex, VA",297084
20205,"Wilson, KS",297269
46109,"Roberts, SD",297490
27031,"Cook, MN",297767
26113,"Missaukee, MI",297918
17009,"Brown, IL",298313
30001,"Beaverhead, MT",299253
20123,"Mitchell, KS",299973
1067,"Henry, AL",300140
13083,"Dade, GA",300307
19143,"Osceola, IA",300326
1119,"Sumter, AL",300658
12125,"Union, FL",301209
47139,"Polk, TN",301357
12059,"Holmes, FL",301664
28131,"Stone, MS",301709
51057,"Essex, VA",301719
51063,"Floyd, VA",302218
48399,"Runnels, TX",302246
13011,"Banks, GA",302831
29079,"Grundy, MO",304518
18111,"Newton, IN",304534
21219,"Todd, KY",304598
17061,"Greene, IL",304734
29211,"Sullivan, MO",305311
54007,"Braxton, WV",306139
29133,"Mississippi, MO",306485
27065,"Kanabec, MN",307084
20189,"Stevens, KS",307783
8039,"Elbert, CO",307907
13229,"Pierce, GA",307929
48009,"Archer, TX",308030
31003,"Antelope, NE",308142
54101,"Webster, WV",308163
21103,"Henry, KY",309150
12037,"Franklin, FL",309301
37033,"Caswell, NC",309511
48017,"Bailey, TX",309686
22043,"Grant, LA",310066
20087,"Jefferson, KS",310161
38009,"Bottineau, ND",310860
18007,"Benton, IN",311339
47039,"Decatur, TN",312347
51113,"Madison, VA",312569
2016,"Aleutians West Census Area, AK",313273
21221,"Trigg, KY",313808
21229,"Washington, KY",313953
31099,"Kearney, NE",313993
31107,"Knox, NE",315011
27073,"Lac qui Parle, MN",315554
48153,"Floyd, TX",315721
21027,"Breckinridge, KY",315815
51119,"Middlesex, VA",316770
8093,"Park, CO",316917
51127,"New Kent, VA",317143
31173,"Thurston, NE",317246
21033,"Caldwell, KY",317400
48019,"Bandera, TX",317855
45009,"Bamberg, SC",317927
16077,"Power, ID",318945
12045,"Gulf, FL",320338
21001,"Adair, KY",320409
16009,"Benewah, ID",320633
29011,"Barton, MO",320691
37185,"Warren, NC",321530
45061,"Lee, SC",321729
19121,"Madison, IA",321815
20029,"Cloud, KS",321967
45005,"Allendale, SC",322394
16035,"Clearwater, ID",322398
48043,"Brewster, TX",322442
13171,"Lamar, GA",322484
13075,"Cook, GA",322618
30065,"Musselshell, MT",322702
21223,"Trimble, KY",323728
48407,"San Jacinto, TX",323905
48093,"Comanche, TX",324420
28077,"Lawrence, MS",324584
48431,"Sterling, TX",326006
19039,"Clarke, IA",326327
29151,"Osage, MO",326448
19151,"Pocahontas, IA",326888
48145,"Falls, TX",327091
40059,"Harper, OK",327277
31095,"Jefferson, NE",327974
19071,"Fremont, IA",328554
31011,"Boone, NE",328680
17185,"Wabash, IL",329020
19091,"Humboldt, IA",330910
6049,"Modoc, CA",333200
13161,"Jeff Davis, GA",333434
16085,"Valley, ID",333739
8105,"Rio Grande, CO",334179
30021,"Dawson, MT",334400
40085,"Love, OK",334797
29229,"Wright, MO",335099
6105,"Trinity, CA",335480
47049,"Fentress, TN",335991
26011,"Arenac, MI",336304
51025,"Brunswick, VA",336964
48443,"Terrell, TX",337166
1107,"Pickens, AL",337268
54001,"Barbour, WV",337855
48421,"Sherman, TX",338012
13109,"Evans, GA",339882
40069,"Johnston, OK",340351
20159,"Rice, KS",340699
47091,"Johnson, TN",341063
28039,"George, MS",341491
12079,"Madison, FL",341993
21053,"Clinton, KY",342106
40117,"Pawnee, OK",342258
19007,"Appanoose, IA",342970
1007,"Bibb, AL",343621
17123,"Marshall, IL",343714
51193,"Westmoreland, VA",343857
30085,"Roosevelt, MT",344078
5013,"Calhoun, AR",344713
51125,"Nelson, VA",345127
20081,"Haskell, KS",345159
28069,"Kemper, MS",345302
38079,"Rolette, ND",345777
51079,"Greene, VA",345948
47081,"Hickman, TN",345953
19025,"Calhoun, IA",346112
29013,"Bates, MO",346690
26039,"Crawford, MI",347748
55077,"Marquette, WI",347804
16037,"Custer, ID",348027
19077,"Guthrie, IA",349126
17131,"Mercer, IL",349132
48063,"Camp, TX",349850
29015,"Benton, MO",349951
5121,"Randolph, AR",350434
21051,"Clay, KY",350595
31027,"Cedar, NE",350972
38081,"Sargent, ND",352322
19073,"Greene, IA",352610
29135,"Moniteau, MO",353892
30027,"Fergus, MT",353968
54085,"Ritchie, WV",355158
46125,"Turner, SD",355578
37199,"Yancey, NC",355815
29221,"Washington, MO",355901
26097,"Mackinac, MI",356172
48437,"Swisher, TX",356359
20131,"Nemaha, KS",356516
21007,"Ballard, KY",356857
18159,"Tipton, IN",356866
2290,"Yukon-Koyukuk Census Area, AK",356932
38097,"Traill, ND",357098
54103,"Wetzel, WV",357276
45081,"Saluda, SC",357349
1041,"Crenshaw, AL",357933
27121,"Pope, MN",359092
55007,"Bayfield, WI",359505
40043,"Dewey, OK",359619
38067,"Pembina, ND",361158
13193,"Macon, GA",361554
13169,"Jones, GA",361572
29115,"Linn, MO",362661
5089,"Marion, AR",363958
19093,"Ida, IA",364011
54027,"Hampshire, WV",364480
19137,"Montgomery, IA",364679
48311,"McMullen, TX",364804
56043,"Washakie, WY",365629
28129,"Smith, MS",366306
5075,"Lawrence, AR",367631
29073,"Gasconade, MO",368436
31179,"Wayne, NE",368689
40091,"McIntosh, OK",368936
21003,"Allen, KY",370324
20013,"Brown, KS",370564
30035,"Glacier, MT",372203
19085,"Harrison, IA",373694
47151,"Scott, TN",373805
51133,"Northumberland, VA",375825
40005,"Atoka, OK",375944
37115,"Madison, NC",376356
54043,"Lincoln, WV",376700
19063,"Emmet, IA",377152
54031,"Hardy, WV",377329
20151,"Pratt, KS",377523
21231,"Wayne, KY",377852
21099,"Hart, KY",378449
1131,"Wilcox, AL",379722
48235,"Irion, TX",379809
27165,"Watonwan, MN",380679
13195,"Madison, GA",380825
5021,"Clay, AR",380995
19129,"Mills, IA",381036
19089,"Howard, IA",381404
21137,"Lincoln, KY",381646
46067,"Hutchinson, SD",382478
39105,"Meigs, OH",382522
5133,"Sevier, AR",383876
19147,"Palo Alto, IA",386976
29049,"Clinton, MO",386993
49023,"Juab, UT",387562
20171,"Scott, KS",387919
5037,"Cross, AR",389194
48281,"Lampasas, TX",390029
51103,"Lancaster, VA",390611
37079,"Greene, NC",393013
18047,"Franklin, IN",393149
26019,"Benzie, MI",393177
2180,"Nome Census Area, AK",394987
30017,"Custer, MT",395703
5047,"Franklin, AR",396472
48351,"Newton, TX",396609
26051,"Gladwin, MI",396779
51141,"Patrick, VA",397093
8007,"Archuleta, CO",397495
1035,"Conecuh, AL",397769
37149,"Polk, NC",398016
1023,"Choctaw, AL",398061
22041,"Franklin, LA",399093
17147,"Piatt, IL",400274
27159,"Wadena, MN",400865
48035,"Bosque, TX",401195
28057,"Itawamba, MS",402377
19135,"Monroe, IA",402618
48033,"Borden, TX",402809
1111,"Randolph, AL",403087
28031,"Covington, MS",404167
29093,"Iron, MO",404268
27143,"Sibley, MN",404303
28141,"Tishomingo, MS",404471
13145,"Harris, GA",404543
29177,"Ray, MO",404950
19189,"Winnebago, IA",405049
13099,"Early, GA",405485
37041,"Chowan, NC",405588
16049,"Idaho, ID",405945
17181,"Union, IL",407783
18149,"Starke, IN",408488
27151,"Swift, MN",408526
47111,"Macon, TN",408776
22037,"East Feliciana, LA",409511
5113,"Polk, AR",409757
48205,"Hartley, TX",410270
16087,"Washington, ID",411226
51135,"Nottoway, VA",412097
40001,"Adair, OK",412202
39067,"Harrison, OH",412313
40061,"Haskell, OK",412369
51051,"Dickenson, VA",412607
13091,"Dodge, GA",412959
26053,"Gogebic, MI",413015
27001,"Aitkin, MN",413889
22127,"Winn, LA",415315
42057,"Fulton, PA",415501
19161,"Sac, IA",416086
21005,"Anderson, KY",416871
8063,"Kit Carson, CO",417398
48313,"Madison, TX",417677
51169,"Scott, VA",418541
56015,"Goshen, WY",418591
27133,"Rock, MN",419377
47133,"Overton, TN",419748
17025,"Clay, IL",420828
27101,"Murray, MN",421438
21119,"Knott, KY",423485
31089,"Holt, NE",423500
40023,"Choctaw, OK",424346
26079,"Kalkaska, MI",424391
48261,"Kenedy, TX",424812
17101,"Lawrence, IL",424916
55013,"Burnett, WI",425537
55107,"Rusk, WI",427748
21163,"Meade, KY",427931
45049,"Hampton, SC",428177
29215,"Texas, MO",428791
20117,"Marshall, KS",430284
48047,"Brooks, TX",430323
51101,"King William, VA",430396
17015,"Carroll, IL",430853
19023,"Butler, IA",431368
18131,"Pulaski, IN",431524
40035,"Craig, OK",433578
18175,"Washington, IN",433710
40095,"Marshall, OK",433844
54073,"Pleasants, WV",433901
49019,"Grand, UT",434251
27173,"Yellow Medicine, MN",434891
17149,"Pike, IL",436418
45011,"Barnwell, SC",437559
46079,"Lake, SD",437562
27055,"Houston, MN",437995
29155,"Pemiscot, MO",439092
29053,"Cooper, MO",439522
13177,"Lee, GA",439580
30067,"Park, MT",440154
1085,"Lowndes, AL",441985
29141,"Morgan, MO",443760
1019,"Cherokee, AL",444080
20193,"Thomas, KS",445160
19069,"Franklin, IA",446454
19075,"Grundy, IA",446598
20069,"Gray, KS",446692
13199,"Meriwether, GA",447697
39125,"Paulding, OH",448003
53043,"Lincoln, WA",448017
1087,"Macon, AL",448672
28159,"Winston, MS",448823
2220,"Sitka City and Borough, AK",448980
48169,"Garza, TX",449474
13017,"Ben Hill, GA",450424
21043,"Carter, KY",451750
38071,"Ramsey, ND",452345
46023,"Charles Mix, SD",452609
21097,"Harrison, KY",452982
35053,"Socorro, NM",454460
19131,"Mitchell, IA",455277
13035,"Butts, GA",455788
19037,"Chickasaw, IA",456279
5149,"Yell, AR",456963
21081,"Grant, KY",457056
20001,"Allen, KS",459091
17005,"Bond, IL",459266
29121,"Macon, MO",460241
48111,"Dallam, TX",460482
13133,"Greene, GA",460642
22083,"Richland, LA",462026
8113,"San Miguel, CO",462618
40099,"Murray, OK",462687
31013,"Box Butte, NE",462796
38099,"Walsh, ND",462920
5107,"Phillips, AR",463692
18119,"Owen, IN",464118
5061,"Howard, AR",464244
26009,"Antrim, MI",464372
51105,"Lee, VA",464605
21115,"Johnson, KY",465038
37131,"Northampton, NC",465147
48263,"Kent, TX",466118
28137,"Tate, MS",466127
31145,"Red Willow, NE",466478
27057,"Hubbard, MN",466584
28007,"Attala, MS",467069
28101,"Newton, MS",467175
35007,"Colfax, NM",467730
18139,"Rush, IN",468333
48299,"Llano, TX",468464
26129,"Ogemaw, MI",468698
19097,"Jackson, IA",469988
13163,"Jefferson, GA",470268
28017,"Chickasaw, MS",470759
36097,"Schuyler, NY",471270
51131,"Northampton, VA",471389
47159,"Smith, TN",472326
41001,"Baker, OR",473949
38003,"Barnes, ND",475456
29117,"Livingston, MO",475625
19029,"Cass, IA",475647
55129,"Washburn, WI",475688
8089,"Otero, CO",476097
48237,"Jack, TX",478240
1061,"Geneva, AL",478444
17083,"Jersey, IL",478585
13319,"Wilkinson, GA",478897
32029,"Storey, NV",479799
1057,"Fayette, AL",479921
13241,"Rabun, GA",481156
53051,"Pend Oreille, WA",481248
12133,"Washington, FL",481924
31041,"Custer, NE",482473
27149,"Stevens, MN",482496
28139,"Tippah, MS",482884
21127,"Lawrence, KY",483015
19031,"Cedar, IA",485749
19105,"Jones, IA",486942
21207,"Russell, KY",489382
23021,"Piscataquis, ME",489386
21159,"Martin, KY",489723
19171,"Tama, IA",490577
45001,"Abbeville, SC",491836
37173,"Swain, NC",491973
18045,"Fountain, IN",492001
13211,"Morgan, GA",492577
39111,"Monroe, OH",492966
5043,"Drew, AR",493113
13111,"Fannin, GA",493538
55065,"Lafayette, WI",493924
5083,"Logan, AR",494497
28025,"Clay, MS",495073
51043,"Clarke, VA",496238
5067,"Jackson, AR",496327
20005,"Atchison, KS",496610
5041,"Desha, AR",496996
30095,"Stillwater, MT",497468
45017,"Calhoun, SC",497581
56003,"Big Horn, WY",498092
27033,"Cottonwood, MN",498401
18117,"Orange, IN",498568
48253,"Jones, TX",498707
20011,"Bourbon, KS",500077
47109,"McNairy, TN",500516
12003,"Baker, FL",500669
46027,"Clay, SD",500913
13107,"Emanuel, GA",500992
54023,"Grant, WV",501399
17139,"Moultrie, IL",501451
46051,"Grant, SD",502977
37121,"Mitchell, NC",504174
16051,"Jefferson, ID",504626
29163,"Pike, MO",504653
27043,"Faribault, MN",505232
19145,"Page, IA",505340
45037,"Edgefield, SC",505980
8099,"Prowers, CO",506825
27023,"Chippewa, MN",507025
47041,"DeKalb, TN",507132
26143,"Roscommon, MI",507651
55099,"Price, WI",509229
19005,"Allamakee, IA",509975
17125,"Mason, IL",510257
17051,"Fayette, IL",510776
13267,"Tattnall, GA",511283
17023,"Clark, IL",511615
27063,"Jackson, MN",511869
48163,"Frio, TX",512639
27071,"Koochiching, MN",513330
20107,"Linn, KS",514169
48457,"Tyler, TX",514214
27117,"Pipestone, MN",515668
30053,"Lincoln, MT",516000
20067,"Grant, KS",516664
8015,"Chaffee, CO",517847
28093,"Marshall, MS",518045
19119,"Lyon, IA",518605
45087,"Union, SC",518744
39117,"Morrow, OH",518787
31127,"Nemaha, NE",519315
13055,"Chattooga, GA",519760
28061,"Jasper, MS",520396
47097,"Lauderdale, TN",520570
29055,"Crawford, MO",520849
48283,"La Salle, TX",522914
19175,"Union, IA",524221
1013,"Butler, AL",524241
26031,"Cheboygan, MI",524470
17193,"White, IL",524502
20133,"Neosho, KS",525679
5111,"Poinsett, AR",525893
19165,"Shelby, IA",526451
48175,"Goliad, TX",527139
22059,"LaSalle, LA",527191
53003,"Asotin, WA",527264
37053,"Currituck, NC",529560
22111,"Union, LA",529848
13131,"Grady, GA",530783
28029,"Copiah, MS",530982
19101,"Jefferson, IA",531201
5081,"Little River, AR",531486
16075,"Payette, ID",531696
48069,"Castro, TX",531759
41015,"Curry, OR",532198
55001,"Adams, WI",532988
55011,"Buffalo, WI",533073
28117,"Prentiss, MS",533271
28019,"Choctaw, MS",533525
40011,"Blaine, OK",536073
18041,"Fayette, IN",536851
45067,"Marion, SC",537259
17067,"Hancock, IL",537851
16029,"Caribou, ID",538539
29186,"Ste. Genevieve, MO",538859
41013,"Crook, OR",541421
13311,"White, GA",541716
13029,"Bryan, GA",542937
48127,"Dimmit, TX",543222
8003,"Alamosa, CO",544041
21233,"Webster, KY",544615
48079,"Cochran, TX",544771
35006,"Cibola, NM",545261
56031,"Platte, WY",545868
48007,"Aransas, TX",545900
51033,"Caroline, VA",546005
6043,"Mariposa, CA",546091
21155,"Marion, KY",546209
22067,"Morehouse, LA",546291
48429,"Stephens, TX",546546
48195,"Hansford, TX",546710
31155,"Saunders, NE",546883
46093,"Meade, SD",548091
2050,"Bethel Census Area, AK",550044
13303,"Washington, GA",550212
48239,"Jackson, TX",551810
18143,"Scott, IN",551908
49051,"Wasatch, UT",552967
19115,"Louisa, IA",552983
22007,"Assumption, LA",553983
37011,"Avery, NC",554043
35027,"Lincoln, NM",554479
49037,"San Juan, UT",556491
47171,"Unicoi, TN",556784
21085,"Grayson, KY",556985
19043,"Clayton, IA",558790
39073,"Hocking, OH",559281
47017,"Carroll, TN",559441
13019,"Berrien, GA",559638
41031,"Jefferson, OR",559738
29119,"McDonald, MO",559879
51139,"Page, VA",560764
13081,"Crisp, GA",561368
53049,"Pacific, WA",561520
42067,"Juniata, PA",562153
47075,"Haywood, TN",562346
18049,"Fulton, IN",562961
47069,"Hardeman, TN",562983
18055,"Greene, IN",563130
12129,"Wakulla, FL",563710
31025,"Cass, NE",563919
17145,"Perry, IL",564336
17187,"Warren, IL",564457
26089,"Leelanau, MI",564826
13105,"Elbert, GA",565149
17159,"Richland, IL",565525
31159,"Seward, NE",565972
48147,"Fannin, TX",570210
19141,"O'Brien, IA",570403
27039,"Dodge, MN",570527
47185,"White, TN",570836
20021,"Cherokee, KS",571767
35041,"Roosevelt, NM",571881
18015,"Carroll, IN",572539
51071,"Giles, VA",572805
29209,"Stone, MO",572845
12007,"Bradford, FL",573281
27045,"Fillmore, MN",573567
55047,"Green Lake, WI",573575
19197,"Wright, IA",574149
28127,"Simpson, MS",574185
28079,"Leake, MS",574320
4012,"La Paz, AZ",576421
31151,"Saline, NE",576596
51145,"Powhatan, VA",577278
48493,"Wilson, TX",577653
19019,"Buchanan, IA",578609
31081,"Hamilton, NE",578616
2261,"Valdez-Cordova Census Area, AK*",578950
48405,"San Augustine, TX",578976
26069,"Iosco, MI",579577
26133,"Osceola, MI",579657
21133,"Letcher, KY",579949
48335,"Mitchell, TX",580014
38055,"McLean, ND",580099
29131,"Miller, MO",581690
55113,"Sawyer, WI",582388
53055,"San Juan, WA",583054
21017,"Bourbon, KY",584311
20041,"Dickinson, KS",584459
28133,"Sunflower, MS",585505
17053,"Ford, IL",586129
19081,"Hancock, IA",587005
13187,"Lumpkin, GA",588272
45027,"Clarendon, SC",588406
28153,"Wayne, MS",588664
13291,"Union, GA",589350
17173,"Shelby, IL",589724
5071,"Johnson, AR",590551
13293,"Upson, GA",590663
31039,"Cuming, NE",591236
47115,"Marion, TN",592354
13119,"Franklin, GA",592359
8019,"Clear Creek, CO",592700
5103,"Ouachita, AR",593203
17045,"Edgar, IL",594825
40093,"Major, OK",594836
54109,"Wyoming, WV",595040
51147,"Prince Edward, VA",595842
22027,"Claiborne, LA",596080
31033,"Cheyenne, NE",597103
48131,"Duval, TX",597565
48133,"Eastland, TX",597830
16067,"Minidoka, ID",598047
1133,"Winston, AL",599749
29167,"Polk, MO",599769
19065,"Fayette, IA",599904
20191,"Sumner, KS",600777
55023,"Crawford, WI",601581
39127,"Perry, OH",603181
22049,"Jackson, LA",604981
18079,"Jennings, IN",605383
30003,"Big Horn, MT",606350
21121,"Knox, KY",606614
28163,"Yazoo, MS",607486
48489,"Willacy, TX",607601
55137,"Waushara, WI",608335
26127,"Oceana, MI",609685
22003,"Allen, LA",611328
45069,"Marlboro, SC",612746
18021,"Clay, IN",613089
8047,"Gilpin, CO",613652
30041,"Hill, MT",613684
48255,"Karnes, TX",616547
27093,"Meeker, MN",617660
13189,"McDuffie, GA",618475
45033,"Dillon, SC",618741
5057,"Hempstead, AR",618768
38053,"McKenzie, ND",619132
19011,"Benton, IA",620463
28091,"Marion, MS",620553
13147,"Hart, GA",623935
17079,"Jasper, IL",624643
55067,"Langlade, WI",625709
27157,"Wabasha, MN",627155
29225,"Webster, MO",630281
54041,"Lewis, WV",630329
37117,"Martin, NC",630413
41055,"Sherman, OR",631393
48051,"Burleson, TX",632104
22029,"Concordia, LA",633487
55003,"Ashland, WI",634811
29219,"Warren, MO",635190
51949,"Southampton + Franklin, VA*",635723
13085,"Dawson, GA",635892
48389,"Reeves, TX",637698
1091,"Marengo, AL",638215
19079,"Hamilton, IA",638686
27115,"Pine, MN",639811
8125,"Yuma, CO",641523
47029,"Cocke, TN",642164
54035,"Jackson, WV",642245
47025,"Claiborne, TN",644907
26109,"Menominee, MI",644965
19123,"Mahaska, IA",645103
5123,"St. Francis, AR",645807
12123,"Taylor, FL",645980
5015,"Carroll, AR",647186
48435,"Sutton, TX",647362
49039,"Sanpete, UT",647569
27095,"Mille Lacs, MN",647989
48301,"Loving, TX",648123
32033,"White Pine, NV",650016
27153,"Todd, MN",650096
55103,"Richland, WI",650519
35047,"San Miguel, NM",651322
21205,"Rowan, KY",655064
28027,"Coahoma, MS",655162
37015,"Bertie, NC",655888
19035,"Cherokee, IA",657044
19067,"Floyd, IA",658533
37003,"Alexander, NC",658744
1017,"Chambers, AL",661077
31185,"York, NE",661130
47077,"Henderson, TN",661303
48295,"Lipscomb, TX",662411
28145,"Union, MS",662534
47117,"Marshall, TN",664104
27129,"Renville, MN",665202
40083,"Logan, OK",667785
40135,"Sequoyah, OK",669110
13205,"Mitchell, GA",669280
20099,"Labette, KS",669404
26035,"Clare, MI",669477
37007,"Anson, NC",669830
21217,"Taylor, KY",669954
38077,"Richland, ND",670550
48463,"Uvalde, TX",670703
19055,"Delaware, IA",671441
39019,"Carroll, OH",672603
20121,"Miami, KS",674298
18123,"Perry, IN",674405
5019,"Clark, AR",675935
37091,"Hertford, NC",676525
31137,"Phelps, NE",676970
48067,"Cass, TX",678505
13143,"Haralson, GA",678661
8049,"Grand, CO",681921
40029,"Coal, OK",683442
24039,"Somerset, MD",683844
37123,"Montgomery, NC",683892
29217,"Vernon, MO",687228
18135,"Randolph, IN",687557
48173,"Glasscock, TX",687872
2150,"Kodiak Island Borough, AK",690402
54047,"McDowell, WV",692056
17191,"Wayne, IL",692349
6015,"Del Norte, CA",692600
51923,"Greensville + Emporia, VA*",693705
30047,"Lake, MT",695165
29147,"Nodaway, MO",695357
2188,"Northwest Arctic Borough, AK",696422
48225,"Houston, TX",696583
37039,"Cherokee, NC",697353
48391,"Refugio, TX",697414
35029,"Luna, NM",697492
46005,"Beadle, SD",697628
16079,"Shoshone, ID",697958
12075,"Levy, FL",699236
48297,"Live Oak, TX",699363
48325,"Medina, TX",699426
27075,"Lake, MN",699797
13225,"Peach, GA",701074
31037,"Colfax, NE",701402
27127,"Redwood, MN",703635
28021,"Claiborne, MS",703871
1025,"Clarke, AL",704690
48055,"Caldwell, TX",704833
37009,"Ashe, NC",704894
48337,"Montague, TX",705559
18075,"Jay, IN",707695
20059,"Franklin, KS",708054
40103,"Noble, OK",709292
40151,"Woods, OK",710617
48495,"Winkler, TX",710723
19183,"Washington, IA",710975
55061,"Kewaunee, WI",711089
1021,"Chilton, AL",713462
4009,"Graham, AZ",714008
53001,"Adams, WA",714017
54097,"Upshur, WV",715728
21213,"Simpson, KY",716709
21091,"Hancock, KY",716912
19047,"Crawford, IA",717326
48171,"Gillespie, TX",718466
17085,"Jo Daviess, IL",719595
28115,"Pontotoc, MS",720148
1099,"Monroe, AL",720660
39175,"Wyandot, OH",721002
21013,"Bell, KY",724266
54077,"Preston, WV",724322
48065,"Carson, TX",725430
19087,"Henry, IA",726637
48089,"Colorado, TX",728250
47071,"Hardin, TN",729047
40129,"Roger Mills, OK",730100
19109,"Kossuth, IA",730166
50017,"Orange, VT",730273
20031,"Coffey, KS",731372
27161,"Waseca, MN",732884
55125,"Vilas, WI",734237
8071,"Las Animas, CO",736898
26101,"Manistee, MI",736902
13123,"Gilmer, GA",737322
21167,"Mercer, KY",739236
1093,"Marion, AL",739331
55119,"Taylor, WI",739633
49027,"Millard, UT",740069
13305,"Wayne, GA",741078
5059,"Hot Spring, AR",741835
1005,"Barbour, AL",742089
41061,"Union, OR",742153
8119,"Teller, CO",742279
54057,"Mineral, WV",745327
16047,"Gooding, ID",747940
21225,"Union, KY",748432
28143,"Tunica, MS",749645
5141,"Van Buren, AR",751494
51167,"Russell, VA",751679
40073,"Kingfisher, OK",752673
27079,"Le Sueur, MN",752904
13087,"Decatur, GA",753015
48287,"Lee, TX",754927
47103,"Lincoln, TN",755946
18103,"Miami, IN",757750
29109,"Lawrence, MO",759097
27113,"Pennington, MN",759514
45089,"Williamsburg, SC",760554
29069,"Dunklin, MO",761086
29083,"Henry, MO",763272
22023,"Cameron, LA",763383
51009,"Amherst, VA",765684
19059,"Dickinson, IA",765739
55053,"Jackson, WI",765995
5023,"Cleburne, AR",766058
41027,"Hood River, OR",766394
1059,"Franklin, AL",767098
22085,"Sabine, LA",768419
30083,"Richland, MT",768939
36123,"Yates, NY",770400
22009,"Avoyelles, LA",770967
18181,"White, IN",771557
45053,"Jasper, SC",773223
45023,"Chester, SC",773543
13237,"Putnam, GA",775177
8029,"Delta, CO",776043
50019,"Orleans, VT",777905
54053,"Mason, WV",778378
54067,"Nicholas, WV",778758
13257,"Stephens, GA",778804
17133,"Monroe, IL",778996
48285,"Lavaca, TX",779004
2240,"Southeast Fairbanks Census Area, AK",779073
40041,"Delaware, OK",780063
49041,"Sevier, UT",781051
21173,"Montgomery, KY",781894
40081,"Lincoln, OK",784312
56023,"Lincoln, WY",785100
27021,"Cass, MN",785388
27135,"Roseau, MN",786551
19083,"Hardin, IA",787143
29001,"Adair, MO",787449
55057,"Juneau, WI",788182
51903,"Alleghany + Covington, VA*",788672
47021,"Cheatham, TN",789875
39015,"Brown, OH",789952
19041,"Clay, IA",792385
26137,"Otsego, MI",794006
13219,"Oconee, GA",796090
18165,"Vermillion, IN",797700
19191,"Winneshiek, IA",797739
47055,"Giles, TN",797815
5027,"Columbia, AR",798207
39065,"Hardin, OH",798735
48503,"Young, TX",799526
1009,"Blount, AL",799590
42099,"Perry, PA",800536
54083,"Randolph, WV",800567
51065,"Fluvanna, VA",801385
13227,"Pickens, GA",801406
38057,"Mercer, ND",803904
47161,"Stewart, TN",804346
42105,"Potter, PA",805479
41057,"Tillamook, OR",805658
28043,"Grenada, MS",806579
16065,"Madison, ID",806909
40111,"Okmulgee, OK",807294
47051,"Franklin, TN",808101
37197,"Yadkin, NC",809906
21239,"Woodford, KY",810313
51137,"Orange, VA",811940
37175,"Transylvania, NC",812851
12027,"DeSoto, FL",813387
19017,"Bremer, IA",814840
53039,"Klickitat, WA",815002
47047,"Fayette, TN",815120
22125,"West Feliciana, LA",816149
29107,"Lafayette, MO",816285
31067,"Gage, NE",816644
2130,"Ketchikan Gateway Borough, AK*",817055
40063,"Hughes, OK",817682
49015,"Emery, UT",819813
26105,"Mason, MI",821187
47183,"Weakley, TN",821790
48177,"Gonzales, TX",822149
6051,"Mono, CA",823268
53031,"Jefferson, WA",823680
47013,"Campbell, TN",825812
47085,"Humphreys, TN",826617
55083,"Oconto, WI",826973
21141,"Logan, KY",827966
5003,"Ashley, AR",829934
19095,"Iowa, IA",830241
32001,"Churchill, NV",830458
48025,"Bee, TX",830460
18101,"Martin, IN",831433
36095,"Schoharie, NY",832134
48353,"Nolan, TX",832794
1129,"Washington, AL",832841
48343,"Morris, TX",834037
17041,"Douglas, IL",834056
29195,"Saline, MO",834567
16053,"Jerome, ID",836149
28095,"Monroe, MS",836193
22039,"Evangeline, LA",836242
40089,"McCurtain, OK",836659
40077,"Latimer, OK",837259
37059,"Davie, NC",837299
19157,"Poweshiek, IA",838631
30081,"Ravalli, MT",838963
29157,"Perry, MO",841900
17055,"Franklin, IL",841994
17127,"Massac, IL",843714
35017,"Grant, NM",845956
48115,"Dawson, TX",846650
51913,"Carroll + Galax, VA*",847179
19181,"Warren, IA",848178
5001,"Arkansas, AR",850014
54029,"Hancock, WV",850801
56019,"Johnson, WY",852101
28001,"Adams, MS",853061
26029,"Charlevoix, MI",853116
48217,"Hill, TX",854789
47019,"Carter, TN",856268
39131,"Pike, OH",860780
39047,"Fayette, OH",862097
18153,"Sullivan, IN",862237
54009,"Brooke, WV",862696
18133,"Putnam, IN",863634
21183,"Ohio, KY",864747
18125,"Pike, IN",866610
13279,"Toombs, GA",866661
48459,"Upshur, TX",867095
36049,"Lewis, NY",871845
24029,"Kent, MD",872372
48369,"Parmer, TX",872700
18061,"Harrison, IN",873213
46035,"Davison, SD",873873
48123,"DeWitt, TX",873996
24011,"Caroline, MD",874578
41049,"Morrow, OR",875880
47099,"Lawrence, TN",875929
40115,"Ottawa, OK",876446
47079,"Henry, TN",876452
8103,"Rio Blanco, CO",877541
48445,"Terry, TX",877561
40145,"Wagoner, OK",878895
41045,"Malheur, OR",880660
46081,"Lawrence, SD",880764
25019,"Nantucket, MA",880972
51073,"Gloucester, VA",881093
39021,"Champaign, OH",881592
17057,"Fulton, IL",882502
35055,"Taos, NM",882741
13261,"Sumter, GA",883635
17075,"Iroquois, IL",883928
51173,"Smyth, VA",887995
1079,"Lawrence, AL",889079
38059,"Morton, ND",890196
32015,"Lander, NV",891582
37113,"Macon, NC",895139
29007,"Audrain, MO",897181
28085,"Lincoln, MS",897748
5029,"Conway, AR",897774
39161,"Van Wert, OH",898893
48487,"Wilbarger, TX",899065
21161,"Mason, KY",902236
28011,"Bolivar, MS",902312
28123,"Scott, MS",903098
18179,"Wells, IN",903766
39135,"Preble, OH",903790
39079,"Jackson, OH",904600
55049,"Iowa, WI",904633
47167,"Tipton, TN",906907
48279,"Lamb, TX",907357
26027,"Cass, MI",908892
48467,"Van Zandt, TX",909786
12093,"Okeechobee, FL",913332
40065,"Jackson, OK",914929
38061,"Mountrail, ND",918012
26151,"Sanilac, MI",919122
40087,"McClain, OK",919638
26061,"Houghton, MI",920087
50015,"Lamoille, VT",920863
19015,"Boone, IA",921355
13233,"Polk, GA",924988
51197,"Wythe, VA",925880
48331,"Milam, TX",927369
55093,"Pierce, WI",927646
18169,"Wabash, IN",930205
53065,"Stevens, WA",930552
17107,"Logan, IL",931253
27059,"Isanti, MN",931910
23029,"Washington, ME",932599
38093,"Stutsman, ND",937211
55123,"Vernon, WI",938135
27091,"Martin, MN",938415
51155,"Pulaski, VA",938534
23027,"Waldo, ME",940234
22053,"Jefferson Davis, LA",942976
48363,"Palo Pinto, TX",944988
17017,"Cass, IL",946149
6063,"Plumas, CA",946999
29207,"Stoddard, MO",947370
16039,"Elmore, ID",947501
45039,"Fairfield, SC",948483
18027,"Daviess, IN",949537
8075,"Logan, CO",950280
29113,"Lincoln, MO",951374
48117,"Deaf Smith, TX",951993
40133,"Seminole, OK",952585
22013,"Bienville, LA",957896
21235,"Whitley, KY",959752
24023,"Garrett, MD",960200
20175,"Seward, KS",960323
6021,"Glenn, CA",961226
55069,"Lincoln, WI",963804
51117,"Mecklenburg, VA",964301
39071,"Highland, OH",964710
17039,"De Witt, IL",966010
22011,"Beauregard, LA",966726
27097,"Morrison, MN",967791
28109,"Pearl River, MS",967930
17189,"Washington, IL",968954
37141,"Pender, NC",970747
28107,"Panola, MS",971373
45029,"Colleton, SC",972027
28003,"Alcorn, MS",972555
26007,"Alpena, MI",973704
28099,"Neshoba, MS",973908
12121,"Suwannee, FL",976111
40045,"Ellis, OK",978225
29143,"New Madrid, MO",979128
54025,"Greenbrier, WV",980815
23007,"Franklin, ME",983341
46065,"Hughes, SD",984159
12049,"Hardee, FL",984528
17165,"Saline, IL",985318
17027,"Clinton, IL",986014
29105,"Laclede, MO",986788
18183,"Whitley, IN",987106
19099,"Jasper, IA",988396
26123,"Newaygo, MI",989228
26033,"Chippewa, MI",990367
55019,"Clark, WI",990832
26157,"Tuscola, MI",991364
51023,"Botetourt, VA",992244
21095,"Harlan, KY",992358
17203,"Woodford, IL",992563
18087,"Lagrange, IN",992576
47177,"Warren, TN",992724
27105,"Nobles, MN",994771
46135,"Yankton, SD",996896
48357,"Ochiltree, TX",999145
21089,"Greenup, KY",1000379
6027,"Inyo, CA",1001877
17011,"Bureau, IL",1005234
48241,"Jasper, TX",1006315
56009,"Converse, WY",1007850
47131,"Obion, TN",1009137
1123,"Tallapoosa, AL",1015042
49013,"Duchesne, UT",1016312
18065,"Henry, IN",1016520
39069,"Henry, OH",1016965
16031,"Cassia, ID",1017663
17117,"Macoupin, IL",1018905
23015,"Lincoln, ME",1019902
50005,"Caledonia, VT",1021352
55029,"Door, WI",1021419
22117,"Washington, LA",1024108
55121,"Trempealeau, WI",1026771
48179,"Gray, TX",1028819
47123,"Monroe, TN",1028927
16023,"Butte, ID",1034426
27047,"Freeborn, MN",1035362
6035,"Lassen, CA",1036207
29175,"Randolph, MO",1037205
28083,"Leflore, MS",1040319
27005,"Becker, MN",1042090
13213,"Murray, GA",1042265
26165,"Wexford, MI",1043247
54099,"Wayne, WV",1043311
31131,"Otoe, NE",1044859
40007,"Beaver, OK",1045872
16057,"Latah, ID",1046387
21071,"Floyd, KY",1046391
45025,"Chesterfield, SC",1046442
16013,"Blaine, ID",1049007
28113,"Pike, MS",1052604
31043,"Dakota, NE",1054558
31047,"Dawson, NE",1054725
18031,"Decatur, IN",1055378
29127,"Marion, MO",1055401
20035,"Cowley, KS",1055934
20079,"Harvey, KS",1056839
55115,"Shawano, WI",1057483
29091,"Howell, MO",1058976
40013,"Bryan, OK",1059189
41009,"Columbia, OR",1059698
26057,"Gratiot, MI",1059824
21041,"Carroll, KY",1062450
1039,"Covington, AL",1064520
5005,"Baxter, AR",1065611
13069,"Coffee, GA",1066771
20111,"Lyon, KS",1068349
18001,"Adams, IN",1069559
40153,"Woodward, OK",1070339
51945,"Rockbridge, Buena Vista + Lexington, VA*",1071505
54059,"Mingo, WV",1071677
40113,"Osage, OK",1072735
40021,"Cherokee, OK",1075323
48273,"Kleberg, TX",1076062
18151,"Steuben, IN",1076190
26043,"Dickinson, MI",1076240
27119,"Polk, MN",1079691
6009,"Calaveras, CA",1082930
5009,"Boone, AR",1083077
37099,"Jackson, NC",1087166
21021,"Boyle, KY",1087803
37093,"Hoke, NC",1089542
19027,"Carroll, IA",1092606
20009,"Barton, KS",1095165
45071,"Newberry, SC",1095663
21157,"Marshall, KY",1101040
13071,"Colquitt, GA",1105775
30087,"Rosebud, MT",1107936
41065,"Wasco, OR",1108847
48223,"Hopkins, TX",1109056
18023,"Clinton, IN",1109284
48373,"Polk, TX",1111533
48053,"Burnet, TX",1114224
19021,"Buena Vista, IA",1115543
27017,"Carlton, MN",1116628
17135,"Montgomery, IL",1117281
42061,"Huntingdon, PA",1117420
48143,"Erath, TX",1118386
48105,"Crockett, TX",1121008
51067,"Franklin, VA",1122209
17121,"Marion, IL",1125116
48383,"Reagan, TX",1126570
26041,"Delta, MI",1126980
39137,"Putnam, OH",1127424
25007,"Dukes, MA",1127860
22077,"Pointe Coupee, LA",1128878
32019,"Lyon, NV",1129777
8051,"Gunnison, CO",1130392
33007,"Coos, NH",1131064
48211,"Hemphill, TX",1131938
49007,"Carbon, UT",1132652
17109,"McDonough, IL",1134732
37165,"Scotland, NC",1134859
19149,"Plymouth, IA",1140206
1047,"Dallas, AL",1140549
22099,"St. Martin, LA",1141781
18069,"Huntington, IN",1142265
5055,"Greene, AR",1144304
39033,"Crawford, OH",1146311
12051,"Hendry, FL",1147950
21049,"Clark, KY",1148641
6011,"Colusa, CA",1152507
13299,"Ware, GA",1153452
27015,"Brown, MN",1154451
56007,"Carbon, WY",1154831
18093,"Lawrence, IN",1155895
5085,"Lonoke, AR",1156389
39059,"Guernsey, OH",1157518
1053,"Escambia, AL",1157654
16011,"Bingham, ID",1158091
42031,"Clarion, PA",1158178
46029,"Codington, SD",1158522
18017,"Cass, IN",1159907
56041,"Uinta, WY",1160829
53047,"Okanogan, WA",1162064
5091,"Miller, AR",1162413
1109,"Pike, AL",1162870
49021,"Iron, UT",1163421
21083,"Graves, KY",1164707
42103,"Pike, PA",1166272
17103,"Lee, IL",1166963
13149,"Heard, GA",1168392
36099,"Seneca, NY",1168441
48259,"Kendall, TX",1168951
1031,"Coffee, AL",1171305
48049,"Brown, TX",1173280
47053,"Gibson, TN",1174016
54037,"Jefferson, WV",1174763
48099,"Coryell, TX",1176984
26107,"Mecosta, MI",1177358
48013,"Atascosa, TX",1179695
26063,"Huron, MI",1180598
54019,"Fayette, WV",1180604
31177,"Washington, NE",1180817
12039,"Gadsden, FL",1181370
37181,"Vance, NC",1182524
8043,"Fremont, CO",1182548
55015,"Calumet, WI",1183394
40149,"Washita, OK",1183472
36003,"Allegany, NY",1184114
18137,"Ripley, IN",1184931
21211,"Shelby, KY",1186268
22081,"Red River, LA",1187457
47143,"Rhea, TN",1188395
12063,"Jackson, FL",1190431
39087,"Lawrence, OH",1193107
21035,"Calloway, KY",1199694
42035,"Clinton, PA",1203810
13295,"Walker, GA",1203859
22121,"West Baton Rouge, LA",1204801
21009,"Barren, KY",1205802
42131,"Wyoming, PA",1207734
13009,"Baldwin, GA",1209251
40139,"Texas, OK",1209655
48185,"Grimes, TX",1211113
26023,"Branch, MI",1213981
48323,"Maverick, TX",1214083
18147,"Spencer, IN",1215026
1113,"Russell, AL",1217766
56033,"Sheridan, WY",1220571
47033,"Crockett, TN",1222741
27103,"Nicollet, MN",1223007
47043,"Dickson, TN",1223823
20037,"Crawford, KS",1224285
48015,"Austin, TX",1225675
48199,"Hardin, TX",1226025
51187,"Warren, VA",1228716
26015,"Barry, MI",1230459
20051,"Ellis, KS",1235841
17073,"Henry, IL",1235969
39097,"Madison, OH",1237438
29201,"Scott, MO",1239383
13047,"Catoosa, GA",1239394
42109,"Snyder, PA",1240504
24019,"Dorchester, MD",1240818
21179,"Nelson, KY",1241189
27025,"Chisago, MN",1242534
8087,"Morgan, CO",1244362
8081,"Moffat, CO",1244768
13001,"Appling, GA",1245285
6093,"Siskiyou, CA",1246110
22069,"Natchitoches, LA",1246850
46127,"Union, SD",1247176
16017,"Bonner, ID",1248633
42123,"Warren, PA",1248870
53037,"Kittitas, WA",1251179
29009,"Barry, MO",1252110
51027,"Buchanan, VA",1254068
13137,"Habersham, GA",1254618
56001,"Albany, WY",1256892
47089,"Jefferson, TN",1260827
1001,"Autauga, AL",1262883
27083,"Lyon, MN",1266659
21185,"Oldham, KY",1269864
48349,"Navarro, TX",1270466
48233,"Hutchinson, TX",1273850
47073,"Hawkins, TN",1278872
8085,"Montrose, CO",1278880
21177,"Muhlenberg, KY",1285777
40009,"Beckham, OK",1287564
17007,"Boone, IL",1289083
17137,"Morgan, IL",1289136
47045,"Dyer, TN",1291855
37069,"Franklin, NC",1292424
51075,"Goochland, VA",1292777
40049,"Garvin, OK",1293119
30093,"Silver Bow, MT",1293663
18077,"Jefferson, IN",1296013
35061,"Valencia, NM",1297324
31157,"Scotts Bluff, NE",1298987
53045,"Mason, WA",1299304
51181,"Surry, VA",1303455
37083,"Halifax, NC",1305570
55045,"Green, WI",1305723
40015,"Caddo, OK",1306740
40039,"Custer, OK",1310454
18073,"Jasper, IN",1312684
55095,"Polk, WI",1313645
42115,"Susquehanna, PA",1313811
36073,"Orleans, NY",1316106
27007,"Beltrami, MN",1320521
42047,"Elk, PA",1321735
48499,"Wood, TX",1322445
19125,"Marion, IA",1322855
6005,"Amador, CA",1324708
20125,"Montgomery, KS",1325978
8083,"Montezuma, CO",1327503
47105,"Loudon, TN",1328216
26059,"Hillsdale, MI",1329518
48289,"Leon, TX",1331059
21113,"Jessamine, KY",1331270
29161,"Phelps, MO",1331411
27009,"Benton, MN",1331601
29029,"Camden, MO",1334192
48103,"Crane, TX",1335824
26117,"Montcalm, MI",1336979
26047,"Emmet, MI",1338564
48419,"Shelby, TX",1338982
39171,"Williams, OH",1343019
5035,"Crittenden, AR",1343148
42087,"Mifflin, PA",1344129
24035,"Queen Anne's, MD",1344370
42117,"Tioga, PA",1348408
40079,"Le Flore, OK",1349809
29023,"Butler, MO",1350340
56029,"Park, WY",1352466
29043,"Christian, MO",1353800
20149,"Pottawatomie, KS",1355780
33019,"Sullivan, NH",1356085
47035,"Cumberland, TN",1358437
50001,"Addison, VT",1359034
39039,"Defiance, OH",1367373
48073,"Cherokee, TX",1373670
51185,"Tazewell, VA",1374848
48425,"Somervell, TX",1375135
53017,"Douglas, WA",1381279
42009,"Bedford, PA",1381334
39031,"Coshocton, OH",1381457
36121,"Wyoming, NY",1383738
36031,"Essex, NY",1385587
4023,"Santa Cruz, AZ",1386426
37139,"Pasquotank, NC",1387203
18109,"Morgan, IN",1389800
40097,"Mayes, OK",1391450
28105,"Oktibbeha, MS",1391658
31001,"Adams, NE",1396216
13277,"Tift, GA",1398090
13013,"Barrow, GA",1404956
22119,"Webster, LA",1406217
51047,"Culpeper, VA",1409099
37047,"Columbus, NC",1410582
42065,"Jefferson, PA",1410932
37169,"Stokes, NC",1412796
37167,"Stanly, NC",1414019
18099,"Marshall, IN",1415013
17021,"Christian, IL",1422031
41053,"Polk, OR",1429864
45059,"Laurens, SC",1431930
41007,"Clatsop, OR",1432242
21193,"Perry, KY",1434862
39005,"Ashland, OH",1435015
1115,"St. Clair, AL",1435320
28071,"Lafayette, MS",1435456
28073,"Lamar, MS",1436828
47107,"McMinn, TN",1437430
42119,"Union, PA",1439560
18029,"Dearborn, IN",1440453
26155,"Shiawassee, MI",1444615
46083,"Lincoln, SD",1447071
39075,"Holmes, OH",1454741
23013,"Knox, ME",1455171
55033,"Dunn, WI",1455276
18083,"Knox, IN",1456135
20057,"Ford, KS",1458246
29101,"Johnson, MO",1459016
18113,"Noble, IN",1459810
37161,"Rutherford, NC",1462043
51171,"Shenandoah, VA",1466813
39001,"Adams, OH",1467424
6103,"Tehama, CA",1469802
26067,"Ionia, MI",1470353
4011,"Greenlee, AZ",1471957
20113,"McPherson, KS",1473993
47003,"Bedford, TN",1474113
48477,"Washington, TX",1475389
38089,"Stark, ND",1483762
27085,"McLeod, MN",1485305
55085,"Oneida, WI",1486317
42083,"McKean, PA",1488079
51083,"Halifax, VA",1490936
1071,"Jackson, AL",1495649
54045,"Logan, WV",1497332
17105,"Livingston, IL",1498501
39037,"Darke, OH",1498982
19179,"Wapello, IA",1499915
31053,"Dodge, NE",1500724
5033,"Crawford, AR",1505475
36023,"Cortland, NY",1506083
48465,"Val Verde, TX",1506677
18107,"Montgomery, IN",1507673
40123,"Pontotoc, OK",1507738
48427,"Starr, TX",1510603
51099,"King George, VA",1511864
39051,"Fulton, OH",1512525
50003,"Bennington, VT",1513278
36107,"Tioga, NY",1513580
37087,"Haywood, NC",1514633
39107,"Mercer, OH",1516180
18145,"Shelby, IN",1525055
48149,"Fayette, TX",1525116
35039,"Rio Arriba, NM",1527137
48341,"Moore, TX",1528195
13103,"Effingham, GA",1530116
37013,"Beaufort, NC",1532639
22087,"St. Bernard, LA",1535295
47147,"Robertson, TN",1535848
21029,"Bullitt, KY",1536638
48213,"Henderson, TX",1536717
46011,"Brookings, SD",1537512
23017,"Oxford, ME",1537656
28151,"Washington, MS",1540838
48317,"Martin, TX",1542050
32023,"Nye, NV",1542389
37153,"Richmond, NC",1542510
36043,"Herkimer, NY",1545242
23023,"Sagadahoc, ME",1545483
48021,"Bastrop, TX",1546759
39147,"Seneca, OH",1547018
13033,"Burke, GA",1547745
48265,"Kerr, TX",1548008
29159,"Pettis, MO",1548243
27027,"Clay, MN",1549915
29027,"Callaway, MO",1550745
29187,"St. Francois, MO",1554018
32013,"Humboldt, NV",1555004
48189,"Hale, TX",1557300
41041,"Lincoln, OR",1560860
19111,"Lee, IA",1565253
37111,"McDowell, NC",1568551
54005,"Boone, WV",1571052
36057,"Montgomery, NY",1571612
19127,"Marshall, IA",1572747
27099,"Mower, MN",1574180
42127,"Wayne, PA",1579055
45055,"Kershaw, SC",1580618
45021,"Cherokee, SC",1581748
8097,"Pitkin, CO",1582687
22061,"Lincoln, LA",1585650
55075,"Marinette, WI",1586926
44001,"Bristol, RI",1588650
55135,"Waupaca, WI",1589092
17049,"Effingham, IL",1591823
48483,"Wheeler, TX",1591870
39129,"Pickaway, OH",1592578
6033,"Lake, CA",1595474
37017,"Bladen, NC",1599318
39091,"Logan, OH",1606363
39123,"Ottawa, OH",1606839
26037,"Clinton, MI",1607171
55031,"Douglas, WI",1609154
36035,"Fulton, NY",1610588
50011,"Franklin, VT",1614040
22001,"Acadia, LA",1614307
36115,"Washington, NY",1615352
48249,"Jim Wells, TX",1622254
19167,"Sioux, IA",1626487
17157,"Randolph, IL",1631267
54055,"Mercer, WV",1632449
48481,"Wharton, TX",1633923
37055,"Dare, NC",1634484
1051,"Elmore, AL",1635948
12035,"Flagler, FL",1638725
1049,"DeKalb, AL",1639644
5093,"Mississippi, AR",1640979
39011,"Auglaize, OH",1641223
13175,"Laurens, GA",1647093
48473,"Waller, TX",1648962
48221,"Hood, TX",1652356
13039,"Camden, GA",1655473
48471,"Walker, TX",1656144
29145,"Newton, MO",1662474
13157,"Jackson, GA",1664324
23025,"Somerset, ME",1664845
19057,"Des Moines, IA",1665326
22093,"St. James, LA",1665594
6069,"San Benito, CA",1671265
13129,"Gordon, GA",1672668
12131,"Walton, FL",1673119
36017,"Chenango, NY",1675893
27041,"Douglas, MN",1676800
55005,"Barron, WI",1682862
56039,"Teton, WY",1684451
55081,"Monroe, WI",1685231
48475,"Ward, TX",1686511
16069,"Nez Perce, ID",1686673
55043,"Grant, WI",1688183
13031,"Bulloch, GA",1689448
40037,"Creek, OK",1691542
42093,"Montour, PA",1692385
36033,"Franklin, NY",1692655
39009,"Athens, OH",1692756
42121,"Venango, PA",1693113
48001,"Anderson, TX",1693564
21125,"Laurel, KY",1699876
17095,"Knox, IL",1701665
17081,"Jefferson, IL",1709131
5063,"Independence, AR",1709169
46013,"Brown, SD",1710290
39083,"Knox, OH",1711704
36025,"Delaware, NY",1715093
51019,"Bedford, VA*",1716070
48505,"Zapata, TX",1718186
20015,"Butler, KS",1719366
27147,"Steele, MN",1723458
40071,"Kay, OK",1723597
17177,"Stephenson, IL",1724510
37189,"Watauga, NC",1735720
51093,"Isle of Wight, VA",1737681
41011,"Coos, OR",1737720
18071,"Jackson, IN",1738366
24041,"Talbot, MD",1739640
13275,"Thomas, GA",1740642
47059,"Greene, TN",1741455
39027,"Clinton, OH",1747579
18059,"Hancock, IN",1754252
21199,"Pulaski, KY",1756222
37109,"Lincoln, NC",1756840
56013,"Fremont, WY",1760193
22047,"Iberville, LA",1764796
21101,"Henderson, KY",1766829
40051,"Grady, OK",1770458
31119,"Madison, NE",1771404
22113,"Vermilion, LA",1771419
45057,"Lancaster, SC",1774194
20055,"Finney, KS",1782260
12023,"Columbia, FL",1787571
54051,"Marshall, WV",1788324
28045,"Hancock, MS",1793706
31111,"Lincoln, NE",1796324
26087,"Lapeer, MI",1796642
26149,"St. Joseph, MI",1798055
37037,"Chatham, NC",1801748
13297,"Walton, GA",1803438
36051,"Livingston, NY",1805325
13207,"Monroe, GA",1805936
42025,"Carbon, PA",1809282
5125,"Saline, AR",1813821
27067,"Kandiyohi, MN",1815089
12119,"Sumter, FL",1815781
13223,"Paulding, GA",1831357
48227,"Howard, TX",1836883
27111,"Otter Tail, MN",1837166
53075,"Whitman, WA",1841281
48293,"Limestone, TX",1841675
37163,"Sampson, NC",1845444
48097,"Cooke, TX",1846594
13053,"Chattahoochee, GA",1855870
8107,"Routt, CO",1860802
48397,"Rockwall, TX",1861088
21107,"Hopkins, KY",1861747
17195,"Whiteside, IL",1872207
18033,"DeKalb, IN",1872519
31141,"Platte, NE",1873123
48277,"Lamar, TX",1878881
35005,"Chaves, NM",1881914
48291,"Liberty, TX",1892597
48071,"Chambers, TX",1892659
33003,"Carroll, NH",1893272
8117,"Summit, CO",1895681
48057,"Calhoun, TX",1898319
27061,"Itasca, MN",1900055
13255,"Spalding, GA",1901427
41035,"Klamath, OR",1902422
18011,"Boone, IN",1903501
12089,"Nassau, FL",1916148
1127,"Walker, AL",1918285
28149,"Warren, MS",1921629
41033,"Josephine, OR",1926409
37085,"Harnett, NC",1926836
37145,"Person, NC",1934330
47031,"Coffee, TN",1941131
40125,"Pottawatomie, OK",1944252
39077,"Huron, OH",1947190
37031,"Carteret, NC",1950283
39145,"Scioto, OH",1958272
40137,"Stephens, OK",1960245
13217,"Newton, GA",1965520
29213,"Taney, MO",1968012
55017,"Chippewa, WI",1969600
48393,"Roberts, TX",1975103
45031,"Darlington, SC",1981912
4007,"Gila, AZ",1984079
51109,"Louisa, VA",1986365
37027,"Caldwell, NC",1994654
21209,"Scott, KY",1999511
26073,"Isabella, MI",2000279
22097,"St. Landry, LA",2001727
17029,"Coles, IL",2011248
18129,"Posey, IN",2012468
32005,"Douglas, NV",2015493
27169,"Winona, MN",2025649
18173,"Warrick, IN",2031444
37171,"Surry, NC",2031747
32011,"Eureka, NV",2032374
37107,"Lenoir, NC",2035126
51929,"Henry + Martinsville, VA*",2035900
5139,"Union, AR",2040096
2170,"Matanuska-Susitna Borough, AK",2048500
18037,"Dubois, IN",2050295
36037,"Genesee, NY",2051948
36053,"Madison, NY",2055890
27131,"Rice, MN",2063848
19139,"Muscatine, IA",2064226
19033,"Cerro Gordo, IA",2069151
22115,"Vernon, LA",2069632
31019,"Buffalo, NE",2069854
39013,"Belmont, OH",2079555
24047,"Worcester, MD",2086953
36021,"Columbia, NY",2100297
49003,"Box Elder, UT",2105525
6109,"Tuolumne, CA",2107457
39143,"Sandusky, OH",2112217
29037,"Cass, MO",2116382
53009,"Clallam, WA",2119237
35028,"Los Alamos, NM",2119348
49043,"Summit, UT",2119402
49045,"Tooele, UT",2123635
54049,"Marion, WV",2143242
20155,"Reno, KS",2149865
37193,"Wilkes, NC",2150933
1043,"Cullman, AL",2152753
50025,"Windham, VT",2155315
49047,"Uintah, UT",2159527
47145,"Roane, TN",2160705
45043,"Georgetown, SC",2165035
1033,"Colbert, AL",2172607
54069,"Ohio, WV",2173238
54079,"Putnam, WV",2179021
39141,"Ross, OH",2179847
12055,"Highlands, FL",2181781
42037,"Columbia, PA",2186656
39101,"Marion, OH",2193959
50027,"Windsor, VT",2208408
36077,"Otsego, NY",2210132
19045,"Clinton, IA",2213653
51955,"Wise + Norton, VA*",2215222
19187,"Webster, IA",2215835
48409,"San Patricio, TX",2231614
37065,"Edgecombe, NC",2241852
2110,"Juneau City and Borough, AK",2243135
23003,"Aroostook, ME",2244246
35031,"McKinley, NM",2245673
48321,"Matagorda, TX",2247569
48461,"Upton, TX",2249447
36039,"Greene, NY",2255507
20161,"Riley, KS",2258069
27035,"Crow Wing, MN",2263008
23009,"Hancock, ME",2282974
33001,"Belknap, NH",2290426
53027,"Grays Harbor, WA",2290617
29169,"Pulaski, MO",2293130
39053,"Gallia, OH",2299074
12107,"Putnam, FL",2299595
18043,"Floyd, IN",2301289
40121,"Pittsburg, OK",2306136
17033,"Crawford, IL",2309640
48415,"Scurry, TX",2317971
17077,"Jackson, IL",2318773
47063,"Hamblen, TN",2323583
1077,"Lauderdale, AL",2323847
35009,"Curry, NM",2324890
18177,"Wayne, IN",2326790
37061,"Duplin, NC",2332373
55021,"Columbia, WI",2342399
22063,"Livingston, LA",2344233
18053,"Grant, IN",2344952
27049,"Goodhue, MN",2350744
21151,"Madison, KY",2351676
42111,"Somerset, PA",2361559
55109,"St. Croix, WI",2376814
6115,"Yuba, CA",2383149
1121,"Talladega, AL",2392430
38105,"Williams, ND",2403299
53071,"Walla Walla, WA",2413035
53021,"Franklin, WA",2417310
26091,"Lenawee, MI",2417349
28087,"Lowndes, MS",2419067
20169,"Saline, KS",2421549
51958,"York + Poquoson, VA*",2425816
39149,"Shelby, OH",2433380
40047,"Garfield, OK",2435758
48231,"Hunt, TX",2437532
40147,"Washington, OK",2440892
16083,"Twin Falls, ID",2441001
16005,"Bannock, ID",2444728
39029,"Columbiana, OH",2445191
45075,"Orangeburg, SC",2446795
48219,"Hockley, TX",2450642
32007,"Elko, NV",2459953
37023,"Burke, NC",2461010
25011,"Franklin, MA",2461392
28067,"Jones, MS",2463246
36011,"Cayuga, NY",2465819
20103,"Leavenworth, KS",2466605
36105,"Sullivan, NY",2468289
50021,"Rutland, VT",2471083
21037,"Campbell, KY",2471903
35035,"Otero, NM",2482459
17199,"Williamson, IL",2489178
42005,"Armstrong, PA",2492986
5145,"White, AR",2494277
42097,"Northumberland, PA",2497248
40019,"Carter, OK",2523328
18051,"Gibson, IN",2529996
48449,"Titus, TX",2530825
17141,"Ogle, IL",2537365
51001,"Accomack, VA",2547237
26159,"Van Buren, MI",2549268
1095,"Marshall, AL",2556637
4001,"Apache, AZ",2557990
42033,"Clearfield, PA",2562038
5115,"Pope, AR",2565364
40131,"Rogers, OK",2566928
21195,"Pike, KY",2568333
21073,"Franklin, KY",2579959
37125,"Moore, NC",2583178
48347,"Nacogdoches, TX",2587609
47141,"Putnam, TN",2590406
24001,"Allegany, MD",2594330
51918,"Dinwiddie, Colonial Heights + Petersburg, VA*",2597139
42039,"Crawford, PA",2597649
47119,"Maury, TN",2597693
45047,"Greenwood, SC",2599293
51061,"Fauquier, VA",2601827
2122,"Kenai Peninsula Borough, AK",2620564
5051,"Garland, AR",2637965
48395,"Robertson, TX",2638839
13073,"Columbia, GA",2644079
42073,"Lawrence, PA",2644329
1055,"Etowah, AL",2658996
41071,"Yamhill, OR",2659124
39119,"Muskingum, OH",2659644
36009,"Cattaraugus, NY",2674555
39007,"Ashtabula, OH",2675726
45035,"Dorchester, SC",2680467
53041,"Lewis, WA",2681599
51953,"Washington + Bristol, VA*",2695646
48257,"Kaufman, TX",2699795
56035,"Sublette, WY",2705524
48365,"Panola, TX",2717192
53029,"Island, WA",2732391
54003,"Berkeley, WV",2733332
37077,"Granville, NC",2740461
4017,"Navajo, AZ",2742563
8037,"Eagle, CO",2751223
13285,"Troup, GA",2751980
39159,"Union, OH",2762256
17093,"Kendall, IL",2765213
15007,"Kauai, HI",2771750
40101,"Muskogee, OK",2773303
48161,"Freestone, TX",2781353
26103,"Marquette, MI",2789612
48501,"Yoakum, TX",2791676
28075,"Lauderdale, MS",2804774
1045,"Dale, AL",2812898
40119,"Payne, OK",2821656
37045,"Cleveland, NC",2823865
17183,"Vermilion, IL",2826137
47155,"Sevier, TN",2837063
1083,"Limestone, AL",2839011
41019,"Douglas, OR",2839320
37105,"Lee, NC",2841239
39167,"Washington, OH",2853043
27141,"Sherburne, MN",2857311
22101,"St. Mary, LA",2870868
17001,"Adams, IL",2876174
31079,"Hall, NE",2888408
42059,"Greene, PA",2903070
55111,"Sauk, WI",2910422
39157,"Tuscarawas, OH",2915700
48361,"Orange, TX",2948248
19049,"Dallas, IA",2950175
45077,"Pickens, SC",2954494
13247,"Rockdale, GA",2960726
55097,"Portage, WI",2965293
54081,"Raleigh, WV",2967018
6045,"Mendocino, CA",2968744
41059,"Umatilla, OR",2968893
17063,"Grundy, IL",2976844
21019,"Boyd, KY",2982389
48005,"Angelina, TX",2988465
33005,"Cheshire, NH",2999739
20061,"Geary, KS",3004220
48381,"Randall, TX",3004263
50023,"Washington, VT",3004938
38035,"Grand Forks, ND",3015859
48371,"Pecos, TX",3017780
38101,"Ward, ND",3026143
45073,"Oconee, SC",3043426
30029,"Flathead, MT",3048329
30013,"Cascade, MT",3058435
42001,"Adams, PA",3062586
39081,"Jefferson, OH",3071082
13077,"Coweta, GA",3071757
37157,"Rockingham, NC",3075164
55027,"Dodge, WI",3076664
13097,"Douglas, GA",3081469
55055,"Jefferson, WI",3091737
6101,"Sutter, CA",3114607
27013,"Blue Earth, MN",3115232
12053,"Hernando, FL",3138538
37089,"Henderson, NC",3152661
18095,"Madison, IN",3153156
53007,"Chelan, WA",3167422
30049,"Lewis and Clark, MT",3193696
40017,"Canadian, OK",3198427
12113,"Santa Rosa, FL",3205687
48165,"Gaines, TX",3210918
48401,"Rusk, TX",3213341
37155,"Robeson, NC",3218348
5069,"Jefferson, AR",3218971
48367,"Parker, TX",3234251
32510,"Carson City (Independent City), NV",3243551
51939,"Pittsylvania + Danville, VA*",3248298
28035,"Forrest, MS",3258471
24015,"Cecil, MD",3261424
48003,"Andrews, TX",3261943
45085,"Sumter, SC",3276205
17037,"DeKalb, IL",3278377
42015,"Bradford, PA",3334081
29031,"Cape Girardeau, MO",3334371
39045,"Fairfield, OH",3341718
49053,"Washington, UT",3348918
48037,"Bowie, TX",3349361
55141,"Wood, WI",3356527
54033,"Harrison, WV",3362470
13045,"Carroll, GA",3373021
51941,"Prince George + Hopewell, VA*",3375460
39055,"Geauga, OH",3376059
22075,"Plaquemines, LA",3389569
47011,"Bradley, TN",3394017
18081,"Johnson, IN",3395270
36117,"Wayne, NY",3404355
26005,"Allegan, MI",3404524
55127,"Walworth, WI",3418270
8067,"La Plata, CO",3426999
13127,"Glynn, GA",3429818
39109,"Miami, OH",3429973
47189,"Wilson, TN",3432262
27171,"Wright, MN",3449589
5031,"Craighead, AR",3461127
41043,"Linn, OR",3461937
36015,"Chemung, NY",3465237
13113,"Fayette, GA",3468335
51800,"Suffolk (Independent City), VA",3470906
30031,"Gallatin, MT",3471615
13179,"Liberty, GA",3473580
26017,"Bay, MI",3475053
36019,"Clinton, NY",3476750
48187,"Guadalupe, TX",3480986
36079,"Putnam, NY",3487308
5045,"Faulkner, AR",3530356
21145,"McCracken, KY",3548611
22105,"Tangipahoa, LA",3550371
36113,"Warren, NY",3552941
6057,"Nevada, CA",3564484
13115,"Floyd, GA",3565882
42051,"Fayette, PA",3568932
22031,"De Soto, LA",3582865
48091,"Comal, TX",3587539
39063,"Hancock, OH",3597122
55071,"Manitowoc, WI",3603161
18035,"Delaware, IN",3631321
16019,"Bonneville, ID",3643974
54107,"Wood, WV",3645347
22045,"Iberia, LA",3667426
37019,"Brunswick, NC",3671153
19155,"Pottawattamie, IA",3691400
41003,"Benton, OR",3697050
18091,"LaPorte, IN",3698159
48469,"Victoria, TX",3703227
49005,"Cache, UT",3779429
12017,"Citrus, FL",3781814
12019,"Clay, FL",3783773
27019,"Carver, MN",3786375
37151,"Randolph, NC",3787550
48497,"Wise, TX",3792187
47009,"Blount, TN",3800415
42085,"Mercer, PA",3802267
23001,"Androscoggin, ME",3814206
20045,"Douglas, KS",3823390
17091,"Kankakee, IL",3839165
28081,"Lee, MS",3846363
48181,"Grayson, TX",3848357
19169,"Story, IA",3848594
53015,"Cowlitz, WA",3858877
12015,"Charlotte, FL",3863988
12087,"Monroe, FL",3868311
39023,"Clark, OH",3869544
26045,"Eaton, MI",3880404
29071,"Franklin, MO",3882111
21059,"Daviess, KY",3887324
55039,"Fond du Lac, WI",3892152
39139,"Richland, OH",3897879
13095,"Dougherty, GA",3916065
26055,"Grand Traverse, MI",3917342
24045,"Wicomico, MD",3918528
18063,"Hendricks, IN",3942761
26111,"Midland, MI",3978641
1069,"Houston, AL",3980787
24009,"Calvert, MD",3984647
54011,"Cabell, WV",3998808
47125,"Montgomery, TN",4007881
51933,"Montgomery + Radford, VA*",4014957
29021,"Buchanan, MO",4026905
36089,"St. Lawrence, NY",4033411
37159,"Rowan, NC",4036391
13185,"Lowndes, GA",4039645
28033,"DeSoto, MS",4040127
55089,"Ozaukee, WI",4046288
9015,"Windham, CT",4046340
51931,"James City + Williamsburg, VA*",4051035
36101,"Steuben, NY",4052224
38015,"Burleigh, ND",4053091
18067,"Howard, IN",4075758
47001,"Anderson, TN",4086975
16027,"Canyon, ID",4090451
28089,"Madison, MS",4104581
27139,"Scott, MN",4133167
35015,"Eddy, NM",4136569
1081,"Lee, AL",4144170
18019,"Clark, IN",4148132
29051,"Cole, MO",4151865
48139,"Ellis, TX",4170729
30063,"Missoula, MT",4172474
8045,"Garfield, CO",4173473
56037,"Sweetwater, WY",4183080
51179,"Stafford, VA",4186720
37057,"Davidson, NC",4204710
18167,"Vigo, IN",4222374
1015,"Calhoun, AL",4227746
53025,"Grant, WA",4240094
56025,"Natrona, WY",4255864
37101,"Johnston, NC",4262664
39169,"Wayne, OH",4263743
48209,"Hays, TX",4276839
13015,"Bartow, GA",4284140
35025,"Lea, NM",4284180
37127,"Nash, NC",4316723
42063,"Indiana, PA",4325486
37195,"Wilson, NC",4326390
51085,"Hanover, VA",4327003
47165,"Sumner, TN",4328236
37191,"Wayne, NC",4334009
46103,"Pennington, SD",4374395
56021,"Laramie, WY",4379128
34037,"Sussex, NJ",4382289
37049,"Craven, NC",4407280
34041,"Warren, NJ",4416725
4003,"Cochise, AZ",4420121
12061,"Indian River, FL",4425318
42081,"Lycoming, PA",4426753
6039,"Madera, CA",4431320
16055,"Kootenai, ID",4434302
4015,"Mohave, AZ",4435841
29165,"Platte, MO",4436197
13313,"Whitfield, GA",4449751
1103,"Morgan, AL",4456215
39043,"Erie, OH",4456713
42107,"Schuylkill, PA",4460969
29099,"Jefferson, MO",4463044
47113,"Madison, TN",4496063
42021,"Cambria, PA",4496315
6031,"Kings, CA",4513397
13151,"Henry, GA",4523406
48451,"Tom Green, TX",4546363
35043,"Sandoval, NM",4551005
22057,"Lafourche, LA",4567517
47179,"Washington, TN",4571287
29097,"Jasper, MO",4619375
34009,"Cape May, NJ",4636723
39089,"Licking, OH",4640555
19061,"Dubuque, IA",4642049
6023,"Humboldt, CA",4642142
36069,"Ontario, NY",4663158
42075,"Lebanon, PA",4665102
9013,"Tolland, CT",4672199
51907,"Augusta, Staunton + Waynesboro, VA*",4672979
22089,"St. Charles, LA",4674592
33017,"Strafford, NH",4679471
13057,"Cherokee, GA",4680236
26075,"Jackson, MI",4689461
55035,"Eau Claire, WI",4749804
40031,"Comanche, OK",4764273
51951,"Spotsylvania + Fredericksburg, VA*",4768118
23011,"Kennebec, ME",4794642
21227,"Warren, KY",4823181
26147,"St. Clair, MI",4836955
21093,"Hardin, KY",4872330
37001,"Alamance, NC",4873423
22015,"Bossier, LA",4901192
39133,"Portage, OH",4917310
19193,"Woodbury, IA",4926127
36013,"Chautauqua, NY",4930524
8101,"Pueblo, CO",4932351
55131,"Washington, WI",4933822
42055,"Franklin, PA",4939350
51740,"Portsmouth (Independent City), VA",4943629
17099,"LaSalle, IL",4962402
42013,"Blair, PA",4974602
45007,"Anderson, SC",5006075
26093,"Livingston, MI",5011259
24013,"Carroll, MD",5013558
22079,"Rapides, LA",5018664
48485,"Wichita, TX",5024380
48441,"Taylor, TX",5059252
51921,"Frederick + Winchester, VA*",5066764
18105,"Monroe, IN",5086978
24017,"Charles, MD",5088590
18085,"Kosciusko, IN",5098773
45041,"Florence, SC",5111923
18005,"Bartholomew, IN",5131701
26121,"Muskegon, MI",5163578
44005,"Newport, RI",5163993
48203,"Harrison, TX",5174391
1003,"Baldwin, AL",5196713
41017,"Deschutes, OR",5252346
45015,"Berkeley, SC",5256910
36109,"Tompkins, NY",5259950
54061,"Monongalia, WV",5268953
55059,"Kenosha, WI",5276742
37179,"Union, NC",5312149
33009,"Grafton, NH",5371145
39173,"Wood, OH",5383639
8077,"Mesa, CO",5409593
26115,"Monroe, MI",5423930
28121,"Rankin, MS",5425739
4025,"Yavapai, AZ",5430851
26025,"Calhoun, MI",5451708
34011,"Cumberland, NJ",5474553
18127,"Porter, IN",5477449
55063,"La Crosse, WI",5499576
44009,"Washington, RI",5515212
36083,"Rensselaer, NY",5531227
39103,"Medina, OH",5531334
13153,"Houston, GA",5541387
24043,"Washington, MD",5564623
55105,"Rock, WI",5597862
21047,"Christian, KY",5615287
55117,"Sheboygan, WI",5626954
23019,"Penobscot, ME",5646281
13059,"Clarke, GA",5666900
36075,"Oswego, NY",5691808
22073,"Ouachita, LA",5716154
24037,"St. Mary's, MD",5717965
12109,"St. Johns, FL",5721094
8014,"Broomfield, CO*",5739478
25015,"Hampshire, MA",5742619
51770,"Roanoke (Independent City), VA",5758459
6017,"El Dorado, CA",5760049
51944,"Roanoke + Salem, VA*",5772481
31153,"Sarpy, NE",5801240
34033,"Salem, NJ",5812270
25003,"Berkshire, MA",5815573
5131,"Sebastian, AR",5851207
4005,"Coconino, AZ",5947604
42089,"Monroe, PA",5985654
45003,"Aiken, SC",5990483
53057,"Skagit, WA",6019177
37025,"Cabarrus, NC",6019851
2090,"Fairbanks North Star Borough, AK",6069225
28059,"Jackson, MS",6088202
45013,"Beaufort, SC",6096418
4027,"Yuma, AZ",6105513
36111,"Ulster, NY",6120593
6025,"Imperial, CA",6124019
35049,"Santa Fe, NM",6132451
22109,"Terrebonne, LA",6136948
17115,"Macon, IL",6165641
37097,"Iredell, NC",6167245
26021,"Berrien, MI",6219539
39025,"Clermont, OH",6227530
15001,"Hawaii, HI",6289641
6089,"Shasta, CA",6312224
35045,"San Juan, NM",6333241
51650,"Hampton (Independent City), VA",6340876
4021,"Pinal, AZ",6394998
27145,"Stearns, MN",6420651
37135,"Orange, NC",6432606
36045,"Jefferson, NY",6463939
40027,"Cleveland, OK",6467081
13117,"Forsyth, GA",6472349
51911,"Campbell + Lynchburg, VA*",6504980
39003,"Allen, OH",6509478
12085,"Martin, FL",6523921
22005,"Ascension, LA",6538234
21117,"Kenton, KY",6540364
55073,"Marathon, WI",6545622
23031,"York, ME",6554654
10001,"Kent, DE",6557371
37071,"Gaston, NC",6568900
42007,"Beaver, PA",6579188
47163,"Sullivan, TN",6627132
21015,"Boone, KY",6627431
6047,"Merced, CA",6647351
34019,"Hunterdon, NJ",6673401
13139,"Hall, GA",6694944
41029,"Jackson, OR",6715656
19013,"Black Hawk, IA",6732923
35013,"Doa Ana, NM",6735912
42027,"Centre, PA",6738204
13021,"Bibb, GA",6768785
39155,"Trumbull, OH",6804648
30111,"Yellowstone, MT",6828941
18157,"Tippecanoe, IN",6831623
12097,"Osceola, FL",6856699
48251,"Johnson, TX",6908926
15901,"Maui + Kalawao, HI*",6923835
12069,"Lake, FL",6929857
48375,"Potter, TX",6973066
29019,"Boone, MO",6988259
51947,"Rockingham + Harrisonburg, VA*",7004423
12005,"Bay, FL",7009885
37147,"Pitt, NC",7044986
19103,"Johnson, IA",7046638
26145,"Saginaw, MI",7046851
6007,"Butte, CA",7113018
56005,"Campbell, WY",7124073
48041,"Brazos, TX",7172166
12111,"St. Lucie, FL",7200801
36093,"Schenectady, NY",7311899
39057,"Greene, OH",7328175
48183,"Gregg, TX",7348439
6055,"Napa, CA",7435884
37035,"Catawba, NC",7489287
9005,"Litchfield, CT",7497834
19163,"Scott, IA",7574490
39165,"Warren, OH",7616790
39041,"Delaware, OH",7672323
42019,"Butler, PA",7689091
45091,"York, SC",7718499
5143,"Washington, AR",7726623
55101,"Racine, WI",7737130
48479,"Webb, TX",7760784
53077,"Yakima, WA",7855259
44003,"Kent, RI",7887967
22103,"St. Tammany, LA",7952529
12083,"Marion, FL",7974645
9007,"Middlesex, CT",8026968
1117,"Shelby, AL",8093693
42069,"Lackawanna, PA",8129866
37133,"Onslow, NC",8136855
20209,"Wyandotte, KS",8140083
49057,"Weber, UT",8141063
39099,"Mahoning, OH",8153349
1125,"Tuscaloosa, AL",8282516
20177,"Shawnee, KS",8316760
28047,"Harrison, MS",8375967
36007,"Broome, NY",8425320
27109,"Olmsted, MN",8441175
38017,"Cass, ND",8507150
36063,"Niagara, NY",8550636
55139,"Winnebago, WI",8628021
48061,"Cameron, TX",8670593
45063,"Lexington, SC",8691182
13215,"Muscogee, GA",8693714
27163,"Washington, MN",8720600
12091,"Okaloosa, FL",8723796
10005,"Sussex, DE",8724891
48309,"McLennan, TX",8736025
36091,"Saratoga, NY",8812397
51901,"Albemarle + Charlottesville, VA*",8813961
51550,"Chesapeake (Independent City), VA",8833703
39093,"Lorain, OH",8846415
55087,"Outagamie, WI",8896753
22019,"Calcasieu, LA",8913964
45051,"Horry, SC",8958018
33013,"Merrimack, NH",9009114
48135,"Ector, TX",9067714
48423,"Smith, TX",9162308
17019,"Champaign, IL",9204691
5007,"Benton, AR",9239394
42125,"Washington, PA",9281932
53073,"Whatcom, WA",9312644
12101,"Pasco, FL",9320787
18163,"Vanderburgh, IN",9348970
50007,"Chittenden, VT",9379677
17167,"Sangamon, IL",9406521
18039,"Elkhart, IN",9416801
17119,"Madison, IL",9417844
17161,"Rock Island, IL",9422289
17179,"Tazewell, IL",9477149
36065,"Oneida, NY",9518174
27137,"St. Louis, MN",9540056
29047,"Clay, MO",9607783
24025,"Harford, MD",9644345
17163,"St. Clair, IL",9655421
37021,"Buncombe, NC",9727762
49011,"Davis, UT",9745947
53005,"Benton, WA",9755948
53035,"Kitsap, WA",9854235
37129,"New Hanover, NC",9866874
53067,"Thurston, WA",9881039
6113,"Yolo, CA",9905762
13245,"Richmond, GA",10056134
47149,"Rutherford, TN",10057600
17143,"Peoria, IL",10060926
51700,"Newport News (Independent City), VA",10077095
17113,"McLean, IL",10261671
54039,"Kanawha, WV",10275358
8123,"Weld, CO*",10287517
17111,"McHenry, IL",10367011
48303,"Lubbock, TX",10379265
39085,"Lake, OH",10458344
26077,"Kalamazoo, MI",10510848
12081,"Manatee, FL",10528028
25001,"Barnstable, MA",10551912
48329,"Midland, TX",10554048
24021,"Frederick, MD",10601411
12001,"Alachua, FL",10607999
26139,"Ottawa, MI",10630448
42095,"Northampton, PA",10656438
18141,"St. Joseph, IN",10783192
45083,"Spartanburg, SC",10924949
42049,"Erie, PA",11007102
41047,"Marion, OR",11072649
34015,"Gloucester, NJ",11217116
27003,"Anoka, MN",11375840
28049,"Hinds, MS",11377175
6087,"Santa Cruz, CA",11416599
48039,"Brazoria, TX",11611216
17201,"Winnebago, IL",11612212
22017,"Caddo, LA",11720012
1101,"Montgomery, AL",11753152
41039,"Lane, OR",12000882
42129,"Westmoreland, PA",12003987
42041,"Cumberland, PA",12069371
36027,"Dutchess, NY",12229408
12073,"Leon, FL",12238880
18057,"Hamilton, IN",12250055
29183,"St. Charles, MO",12283050
12033,"Escambia, FL",12301626
8035,"Douglas, CO",12366623
8069,"Larimer, CO",12371247
46099,"Minnehaha, SD",12458762
26049,"Genesee, MI",12484514
6079,"San Luis Obispo, CA",12485472
36085,"Richmond, NY",12495420
6107,"Tulare, CA",12507634
34001,"Atlantic, NJ",12622393
47187,"Williamson, TN",12642507
13063,"Clayton, GA",12713789
48167,"Galveston, TX",12732915
42079,"Luzerne, PA",12791625
13051,"Chatham, GA",12991005
12021,"Collier, FL",13061181
29077,"Greene, MO",13097012
51041,"Chesterfield, VA",13227501
22055,"Lafayette, LA",13302426
39151,"Stark, OH",13326013
2185,"North Slope Borough, AK",13368892
31109,"Lancaster, NE",13671212
53011,"Clark, WA",13672602
19113,"Linn, IA",13687784
12115,"Sarasota, FL",13756101
55009,"Brown, WI",13902281
39017,"Butler, OH",13940006
51510,"Alexandria (Independent City), VA",14056387
12127,"Volusia, FL",14122956
26065,"Ingham, MI",14203116
48027,"Bell, TX",14252334
41005,"Clackamas, OR",14279866
36071,"Orange, NY",14496934
48339,"Montgomery, TX",14805431
6061,"Placer, CA",14994018
18003,"Allen, IN",15128661
12117,"Seminole, FL",15212815
51942,"Prince William, Manassas + Manassas Park, VA*",15404709
22095,"St. John the Baptist, LA",15426695
48491,"Williamson, TX",15575765
33015,"Rockingham, NH",15721723
49049,"Utah, UT",15774120
21067,"Fayette, KY",15787721
37051,"Cumberland, NC",15823797
42011,"Berks, PA",15937678
9011,"New London, CT",15987547
6041,"Marin, CA",16007783
48355,"Nueces, TX",16202806
48215,"Hidalgo, TX",16626040
1097,"Mobile, AL",16716623
6095,"Solano, CA",16822343
6099,"Stanislaus, CA",16863100
23005,"Cumberland, ME",16896899
51760,"Richmond (Independent City), VA",17028512
8001,"Adams, CO*",17377304
42043,"Dauphin, PA",17437874
34029,"Ocean, NJ",17463588
36087,"Rockland, NY",17801556
51810,"Virginia Beach (Independent City), VA",17958216
48157,"Fort Bend, TX",17976778
42133,"York, PA",18131487
26161,"Washtenaw, MI",18248813
51107,"Loudoun, VA",18388673
47065,"Hamilton, TN",18443380
48245,"Jefferson, TX",18494926
25013,"Hampden, MA",18610666
53063,"Spokane, WA",18622266
27037,"Dakota, MN",18703683
18089,"Lake, IN",19146117
51087,"Henrico, VA",19166527
1089,"Madison, AL",19171497
48121,"Denton, TX",19182387
42077,"Lehigh, PA",19232882
12105,"Polk, FL",19258360
16001,"Ada, ID",19500432
25023,"Plymouth, MA",19632033
51710,"Norfolk (Independent City), VA",19695068
47093,"Knox, TN",19735682
24027,"Howard, MD",19792521
8013,"Boulder, CO*",19862257
6053,"Monterey, CA",19889415
34031,"Passaic, NJ",19903636
45079,"Richland, SC",19906280
39095,"Lucas, OH",19987736
2020,"Anchorage Municipality, AK",20126190
12009,"Brevard, FL",20128416
17089,"Kane, IL",20344570
32031,"Washoe, NV",20501345
25005,"Bristol, MA",20541662
45019,"Charleston, SC",20690461
34007,"Camden, NJ",20847938
33011,"Hillsborough, NH",20858757
37067,"Forsyth, NC",20958488
6097,"Sonoma, CA",21102971
22051,"Jefferson, LA",21118618
6083,"Santa Barbara, CA",21190469
6077,"San Joaquin, CA",21580604
45045,"Greenville, SC",21813289
12071,"Lee, FL",21833899
42071,"Lancaster, PA",22444483
34005,"Burlington, NJ",23106953
39113,"Montgomery, OH",23149441
8059,"Jefferson, CO*",23255665
17197,"Will, IL",23594131
5119,"Pulaski, AR",23632990
20173,"Sedgwick, KS",23658863
55133,"Waukesha, WI",24154470
48141,"El Paso, TX",24307475
39153,"Summit, OH",24664355
36001,"Albany, NY",24677028
36067,"Onondaga, NY",25103471
34021,"Mercer, NJ",25417714
22071,"Orleans, LA",25500360
42045,"Delaware, PA",26015528
8041,"El Paso, CO",26901751
29510,"St. Louis (Independent City), MO",27222403
34035,"Somerset, NJ",28372848
22033,"East Baton Rouge, LA",28591485
51013,"Arlington, VA",28733968
37081,"Guilford, NC",28966585
44007,"Providence, RI",29253252
19153,"Polk, IA",29372949
37063,"Durham, NC",29408016
42017,"Bucks, PA",29481952
26081,"Kent, MI",29724988
34025,"Monmouth, NJ",29895946
26099,"Macomb, MI",29938848
55025,"Dane, WI",30068126
34039,"Union, NJ",30854800
13089,"DeKalb, GA",31261072
35001,"Bernalillo, NM",31395385
36005,"Bronx, NY",31433826
8005,"Arapahoe, CO",31505060
53061,"Snohomish, WA",31628317
40143,"Tulsa, OK",31759051
6019,"Fresno, CA",32317672
53053,"Pierce, WA",33018401
27123,"Ramsey, MN",33374529
34017,"Hudson, NJ",33531683
13067,"Cobb, GA",33994799
13135,"Gwinnett, GA",34166047
31055,"Douglas, NE",34284552
25027,"Worcester, MA",34379092
42029,"Chester, PA",34616636
20091,"Johnson, KS",34623460
41067,"Washington, OR",34676132
4019,"Pima, AZ",34707091
25009,"Essex, MA",36094322
24003,"Anne Arundel, MD",36387087
48085,"Collin, TX",36422664
24033,"Prince George's, MD",37024072
24510,"Baltimore (Independent City), MD",37407897
1073,"Jefferson, AL",37469585
29095,"Jackson, MO",38070656
12103,"Pinellas, FL",39729282
40109,"Oklahoma, OK",41154481
36055,"Monroe, NY",41554291
6029,"Kern, CA",41785032
25021,"Norfolk, MA",42143618
21111,"Jefferson, KY",42286215
9009,"New Haven, CT",42718681
10003,"New Castle, DE",42849922
24005,"Baltimore, MD",43458674
41051,"Multnomah, OR",43491388
36029,"Erie, NY",45480463
34013,"Essex, NJ",46235377
34027,"Morris, NJ",46889172
47037,"Davidson, TN",46898699
6111,"Ventura, CA",47051134
12031,"Duval, FL",47241556
17097,"Lake, IL",49026358
55079,"Milwaukee, WI",49216590
8031,"Denver, CO",49977683
37183,"Wake, NC",50373661
34023,"Middlesex, NJ",50404161
15003,"Honolulu, HI",50754050
47157,"Shelby, TN",50781487
12099,"Palm Beach, FL",58042925
6081,"San Mateo, CA",58337572
39061,"Hamilton, OH",58541196
49035,"Salt Lake, UT",59613507
6065,"Riverside, CA",60203075
6013,"Contra Costa, CA",61195812
42091,"Montgomery, PA",62094753
34003,"Bergen, NJ",63069696
6071,"San Bernardino, CA",63592935
36047,"Kings, NY",63652518
12057,"Hillsborough, FL",64614408
36119,"Westchester, NY",65126327
6067,"Sacramento, CA",65473691
12095,"Orange, FL",65913436
39049,"Franklin, OH",68300990
29189,"St. Louis, MO",68500539
48453,"Travis, TX",70180228
9003,"Hartford, CT",70384560
17043,"DuPage, IL",70386994
37119,"Mecklenburg, NC",72553429
36081,"Queens, NY",73138720
48029,"Bexar, TX",73412195
24031,"Montgomery, MD",74668088
39035,"Cuyahoga, OH",75017920
42003,"Allegheny, PA",75504115
26163,"Wayne, MI",76527714
26125,"Oakland, MI",76557131
18097,"Marion, IN",80067813
36103,"Suffolk, NY",80277908
12011,"Broward, FL",80422206
9001,"Fairfield, CT",80688035
36059,"Nassau, NY",84365733
42101,"Philadelphia, PA",85127144
48439,"Tarrant, TX",85393543
32003,"Clark, NV",87185993
25025,"Suffolk, MA",87495595
6001,"Alameda, CA",88040021
6075,"San Francisco, CA",91823420
51919,"Fairfax, Fairfax City + Falls Church, VA*",94433747
27053,"Hennepin, MN",101364624
11001,"District of Columbia, DC",106128618
13121,"Fulton, GA",110323321
12086,"Miami-Dade, FL",114338169
25017,"Middlesex, MA",123792686
6085,"Santa Clara, CA",165967271
6073,"San Diego, CA",166853350
4013,"Maricopa, AZ",171651576
53033,"King, WA",174334628
48113,"Dallas, TX",177992086
6059,"Orange, CA",180255917
48201,"Harris, TX",292301834
17031,"Cook, IL",308433290
36061,"New York, NY",475037193
6037,"Los Angeles, CA",537427551